name,nameascii,adm0name,adm0_a3,scalerank,natscale,labelrank,featurecla,pop_max,pop_min,longitude,latitude,pixel_x,pixel_y,pixel_x_int,pixel_y_int,centered_x,centered_y,centered_x_int,centered_y_int,region_id,population_weight,network_weight,security_weight,financial_weight,cultural_weight,government_weight
Paris,Paris,France,FRA,0,600,3,Admin-0 capital,9904000,11177,2.35299246153921,48.8580923162691,2532.68045085471,488.082051162929,2533,488,32.6804508547111,-511.917948837071,33,-512,western_europe,3.31,8,8,8.5,5.66,8.2
London,London,United Kingdom,GBR,0,600,5,Admin-0 capital,8567000,7421209,-0.1186677,51.5019406,2498.3518375,451.361936111111,2498,451,-1.64816250000013,-548.638063888889,-2,-549,western_europe,2.96,8,8,8.5,5.48,8.2
Madrid,Madrid,Spain,ESP,1,300,3,Admin-0 capital,5567000,50437,-3.6852975,40.4019721,2448.8153125,605.528165277778,2449,606,-51.1846875000001,-394.471834722222,-51,-394,western_europe,2.19,8,8,8.5,5.09,8.2
Barcelona,Barcelona,Spain,ESP,2,200,3,Admin-1 capital,4920000,1581595,2.1814245,41.3852454,2530.2975625,591.871591666667,2530,592,30.2975625000004,-408.128408333333,30,-408,western_europe,2.02,8,8,8.5,5.01,8.2
Berlin,Berlin,Germany,DEU,1,300,3,Admin-0 capital,3406000,3094014,13.3996028,52.5237645,2686.10559444444,437.1699375,2686,437,186.105594444445,-562.8300625,186,-563,western_europe,1.62,8,8,8.5,4.81,8.2
Rome,Rome,Italy,ITA,0,600,3,Admin-0 capital,3339000,35452,12.4813126,41.8979015,2673.35156388889,584.751368055556,2673,585,173.351563888889,-415.248631944444,173,-415,western_europe,1.61,8,8,8.5,4.8,8.2
Milan,Milan,Italy,ITA,2,200,3,Admin-1 region capital,2945000,1306661,9.2030631,45.4719211,2627.82032083333,535.112206944444,2628,535,127.820320833333,-464.887793055556,128,-465,western_europe,1.5,8,8,8.5,4.75,8.2
Stuttgart,Stuttgart,Germany,DEU,6,30,3,Admin-1 capital,2944700,606588,9.1999963,48.7799799,2627.77772638889,489.166945833333,2628,489,127.777726388889,-510.833054166667,128,-511,western_europe,1.5,8,8,8.5,4.75,8.2
Frankfurt,Frankfurt,Germany,DEU,2,200,3,Populated place,2895000,679664,8.6750154,50.0999768,2620.486325,470.833655555556,2620,471,120.486325,-529.166344444445,120,-529,western_europe,1.49,8,8,8.5,4.75,8.2
Lisbon,Lisbon,Portugal,PRT,2,200,6,Admin-0 capital,2812000,517802,-9.1468122,38.7246687,2372.96094166667,628.824045833333,2373,629,-127.039058333333,-371.175954166667,-127,-371,western_europe,1.47,8,8,8.5,4.74,8.2
Vienna,Vienna,Austria,AUT,1,300,7,Admin-0 capital,2400000,1731000,16.3646931,48.2019611,2727.28740416667,497.194984722222,2727,497,227.287404166667,-502.805015277778,227,-503,western_europe,1.36,8,8,8.5,4.68,8.2
Mannheim,Mannheim,Germany,DEU,7,20,3,Populated place,2362000,313174,8.470015,49.5003752,2617.63909722222,479.161455555556,2618,479,117.639097222222,-520.838544444444,118,-521,western_europe,1.35,8,8,8.5,4.67,8.2
Birmingham,Birmingham,United Kingdom,GBR,4,50,5,Populated place,2285000,984333,-1.9219426,52.4769198,2473.30635277778,437.820558333333,2473,438,-26.6936472222219,-562.179441666667,-27,-562,western_europe,1.33,8,8,8.5,4.67,8.2
Naples,Naples,Italy,ITA,2,200,3,Admin-1 region capital,2250000,988972,14.2430655,40.8419711,2697.82035416667,599.417068055556,2698,599,197.820354166667,-400.582931944444,198,-401,western_europe,1.32,8,8,8.5,4.66,8.2
Manchester,Manchester,United Kingdom,GBR,4,50,5,Populated place,2230000,395515,-2.24868466715989,53.4753199247245,2468.76826851167,423.953889934382,2469,424,-31.2317314883317,-576.046110065618,-31,-576,western_europe,1.32,8,8,8.5,4.66,8.2
Hamburg,Hamburg,Germany,DEU,2,200,3,Admin-1 capital,1757000,1739117,9.9980533,53.5519705,2638.86185138889,422.889298611111,2639,423,138.861851388889,-577.110701388889,139,-577,western_europe,1.2,8,8,8.5,4.6,8.2
Brussels,Brussels,Belgium,BEL,2,200,8,Admin-0 capital,1743000,1019022,4.3313707,50.8352629,2560.15792638889,460.621348611111,2560,461,60.1579263888889,-539.378651388889,60,-539,western_europe,1.19,8,8,8.5,4.59,8.2
Essen,Essen,Germany,DEU,8,10,3,Populated place,1742135,573468,7.0166154,51.4499978,2597.45299166667,452.083363888889,2597,452,97.4529916666666,-547.916636111111,97,-548,western_europe,1.19,8,8,8.5,4.59,8.2
Turin,Turin,Italy,ITA,6,30,3,Admin-1 region capital,1652000,865263,7.6680146,45.072333,2606.50020277778,540.662041666667,2607,541,106.500202777778,-459.337958333333,107,-459,western_europe,1.17,8,8,8.5,4.58,8.2
Leeds,Leeds,United Kingdom,GBR,6,30,5,Populated place,1529000,455123,-1.55134771141284,53.7900166377523,2478.45350400816,419.58310225344,2478,420,-21.546495991845,-580.41689774656,-22,-580,western_europe,1.14,8,8,8.5,4.57,8.2
Florence,Florence,Italy,ITA,4,50,3,Admin-1 region capital,1500000,371517,11.2500004,43.7800008,2656.25000555556,558.6111,2656,559,156.250005555556,-441.3889,156,-441,western_europe,1.13,8,8,8.5,4.56,8.2
Lyon,Lyon,France,FRA,3,110,3,Admin-1 region capital,1423000,472317,4.8280846,45.7719544,2567.05673055556,530.945077777778,2567,531,67.056730555556,-469.054922222222,67,-469,western_europe,1.11,8,8,8.5,4.55,8.2
The Hague,The Hague,Netherlands,NLD,4,50,8,Admin-0 capital alt,1406000,501725,4.2699613,52.0800368,2559.30501805556,443.332822222222,2559,443,59.3050180555556,-556.667177777778,59,-557,western_europe,1.11,8,8,8.5,4.55,8.2
Marseille,Marseille,France,FRA,4,50,3,Admin-1 region capital,1400000,794811,5.3730643,43.2919249,2574.62589305556,565.389931944445,2575,565,74.6258930555555,-434.610068055556,75,-435,western_europe,1.1,8,8,8.5,4.55,8.2
Porto,Porto,Portugal,PRT,6,30,6,Admin-1 capital,1337000,249633,-8.6219471,41.1519522,2380.25073472222,595.111775,2380,595,-119.749265277778,-404.888225,-120,-405,western_europe,1.09,8,8,8.5,4.54,8.2
Sheffield,Sheffield,United Kingdom,GBR,8,10,5,Populated place,1292900,552700,-1.4999966,53.3666767,2479.16671388889,425.462823611111,2479,425,-20.8332861111112,-574.537176388889,-21,-575,western_europe,1.08,8,8,8.5,4.54,8.2
Duisburg,Duisburg,Germany,DEU,8,10,3,Populated place,1276757,488005,6.7500166,51.4299732,2593.75023055556,452.361483333333,2594,452,93.7502305555554,-547.638516666667,94,-548,western_europe,1.07,8,8,8.5,4.54,8.2
Munich,Munich,Germany,DEU,2,200,3,Admin-1 capital,1275000,1260391,11.5730476,48.1318879,2660.73677222222,498.168223611111,2661,498,160.736772222222,-501.831776388889,161,-502,western_europe,1.07,8,8,8.5,4.54,8.2
Stockholm,Stockholm,Sweden,SWE,1,300,7,Admin-0 capital,1264000,1253309,18.0663001685345,59.3241272040075,2750.92083567409,342.720455499896,2751,343,250.92083567409,-657.279544500104,251,-657,western_europe,1.07,8,8,8.5,4.54,8.2
Geneva,Geneva,Switzerland,CHE,1,300,7,Admin-1 capital,1240000,192385,6.140028,46.2100075,2585.27816666667,524.861006944444,2585,525,85.278166666667,-475.138993055556,85,-475,western_europe,1.06,8,8,8.5,4.53,8.2
Düsseldorf,Dusseldorf,Germany,DEU,7,20,3,Admin-1 capital,1220000,592393,6.779989,51.2203736,2594.16651388889,455.272588888889,2594,455,94.1665138888889,-544.727411111111,94,-545,western_europe,1.06,8,8,8.5,4.53,8.2
Seville,Seville,Spain,ESP,3,110,3,Admin-1 capital,1212045,703021,-5.9800074,37.4050153,2416.94434166667,647.152565277778,2417,647,-83.0556583333332,-352.847434722222,-83,-353,western_europe,1.06,8,8,8.5,4.53,8.2
Glasgow,Glasgow,United Kingdom,GBR,3,110,5,Populated place,1160000,610268,-4.23910052880263,55.8622697579926,2441.12360376663,390.801808916769,2441,391,-58.8763962333696,-609.198191083231,-59,-609,western_europe,1.04,8,8,8.5,4.52,8.2
Helsinki,Helsinki,Finland,FIN,2,200,7,Admin-0 capital,1115000,558457,24.932456915044,60.1638038494857,2846.28412382006,331.058279868254,2846,331,346.284123820055,-668.941720131746,346,-669,western_europe,1.03,8,8,8.5,4.51,8.2
Zürich,Zurich,Switzerland,CHE,2,200,7,Admin-1 capital,1108000,341730,8.5480643,47.3819337,2618.72311527778,508.584254166667,2619,509,118.723115277778,-491.415745833333,119,-491,western_europe,1.03,8,8,8.5,4.51,8.2
København,Kobenhavn,Denmark,DNK,2,200,8,Admin-0 capital,1085000,1085000,12.5615399,55.68051,2674.46583194444,393.32625,2674,393,174.465831944445,-606.67375,174,-607,western_europe,1.02,8,8,8.5,4.51,8.2
Dublin,Dublin,Ireland,IRL,2,200,8,Admin-0 capital,1059000,968976,-6.25697951728113,53.3467312489831,2413.09750670443,425.739843764123,2413,426,-86.9024932955713,-574.260156235877,-87,-574,western_europe,1.02,8,8,8.5,4.51,8.2
Lille,Lille,France,FRA,6,30,3,Admin-1 region capital,1044000,228328,3.0780622,50.651915,2542.75086388889,463.167847222222,2543,463,42.7508638888889,-536.832152777778,43,-537,western_europe,1.01,8,8,8.5,4.5,8.2
Amsterdam,Amsterdam,Netherlands,NLD,1,300,8,Admin-0 capital,1031000,741636,4.9146943,52.3519145,2568.25964305556,439.556743055556,2568,440,68.2596430555554,-560.443256944444,68,-560,western_europe,1.01,8,8,8.5,4.5,8.2
Rotterdam,Rotterdam,Netherlands,NLD,6,30,8,Populated place,1005000,598199,4.4780285,51.921915,2562.19484027778,445.528958333333,2562,446,62.194840277778,-554.471041666667,62,-554,western_europe,1,8,8,8.5,4.5,8.2
Cologne,Cologne,Germany,DEU,6,30,3,Populated place,1004000,963395,6.9480586,50.9319495,2596.50081388889,459.278479166667,2597,459,96.5008138888888,-540.721520833333,97,-541,western_europe,1,8,8,8.5,4.5,8.2
Lagos,Lagos,Nigeria,NGA,0,600,2,Admin-0 capital alt,9466000,1536,3.3895852,6.4452075,2547.07757222222,1077.14989583333,2547,1077,47.077572222222,77.1498958333334,47,77,west_africa,3.2,3.5,3.5,3.5,3.35,3.5
Abidjan,Abidjan,Ivory Coast,CIV,2,200,8,Admin-0 capital,3802000,3190395,-4.02020683518759,5.32312607224457,2444.16379395573,1092.73436010771,2444,1093,-55.8362060442723,92.7343601077141,-56,93,west_africa,1.73,3.5,3.5,3.5,2.62,3.5
Kano,Kano,Nigeria,NGA,2,200,2,Admin-1 capital,3140000,3140000,8.5180919,12.0019227,2618.30683194444,999.973295833333,2618,1000,118.306831944445,-0.0267041666666045,118,0,west_africa,1.56,3.5,3.5,3.5,2.53,3.5
Ibadan,Ibadan,Nigeria,NGA,4,50,2,Admin-1 capital,2628000,1814570,3.9280362,7.3819721,2554.55605833333,1064.13927638889,2555,1064,54.5560583333331,64.1392763888889,55,64,west_africa,1.42,3.5,3.5,3.5,2.46,3.5
Dakar,Dakar,Senegal,SEN,1,300,8,Admin-0 capital,2604000,2476400,-17.475076,14.7177776,2257.29061111111,962.253088888889,2257,962,-242.709388888889,-37.7469111111112,-243,-38,west_africa,1.42,3.5,3.5,3.5,2.46,3.5
Accra,Accra,Ghana,GHA,2,200,6,Admin-0 capital,2121000,1963264,-0.2186616,5.5519805,2496.96303333333,1089.55582638889,2497,1090,-3.03696666666656,89.5558263888888,-3,90,west_africa,1.29,3.5,3.5,3.5,2.4,3.5
Douala,Douala,Cameroon,CMR,4,50,6,Admin-1 capital,1906000,1338082,9.7080451,4.0623556,2634.83395972222,1110.24506111111,2635,1110,134.833959722222,110.245061111111,135,110,west_africa,1.24,3.5,3.5,3.5,2.37,3.5
Kumasi,Kumasi,Ghana,GHA,6,30,6,Admin-1 capital,1646000,1291151,-1.6319603,6.6919367,2477.33388472222,1073.72310138889,2477,1074,-22.6661152777779,73.7231013888888,-23,74,west_africa,1.17,3.5,3.5,3.5,2.33,3.5
Yaoundé,Yaounde,Cameroon,CMR,3,110,6,Admin-0 capital,1611000,1060587,11.5147049,3.8686465,2659.92645694444,1112.93546527778,2660,1113,159.926456944444,112.935465277778,160,113,west_africa,1.16,3.5,3.5,3.5,2.33,3.5
Abuja,Abuja,Nigeria,NGA,3,110,2,Admin-0 capital,1576000,162135,7.48950504288586,9.05462040636084,2604.02090337341,1040.90804991165,2604,1041,104.020903373415,40.9080499116549,104,41,west_africa,1.15,3.5,3.5,3.5,2.33,3.5
Bamako,Bamako,Mali,MLI,3,110,6,Admin-0 capital,1494000,1297281,-8.001985,12.6519605,2388.86131944444,990.944993055556,2389,991,-111.138680555555,-9.05500694444447,-111,-9,west_africa,1.13,3.5,3.5,3.5,2.31,3.5
Conakry,Conakry,Guinea,GIN,3,110,8,Admin-0 capital,1494000,1494000,-13.6821809,9.5334687,2309.96970972222,1034.25737916667,2310,1034,-190.030290277778,34.2573791666666,-190,34,west_africa,1.13,3.5,3.5,3.5,2.31,3.5
Lomé,Lome,Togo,TGO,3,110,8,Admin-0 capital,1452000,749700,1.2208113,6.1338829,2516.9557125,1081.47384861111,2517,1081,16.9557125000001,81.473848611111,17,81,west_africa,1.12,3.5,3.5,3.5,2.31,3.5
Kaduna,Kaduna,Nigeria,NGA,4,50,2,Admin-1 capital,1442000,940593,7.4380545,10.5219613,2603.3063125,1020.52831527778,2603,1021,103.3063125,20.5283152777778,103,21,west_africa,1.11,3.5,3.5,3.5,2.31,3.5
Benin City,Benin City,Nigeria,NGA,4,50,2,Admin-1 capital,1190000,668026,5.6180622,6.3424232,2578.02864166667,1078.57745555556,2578,1079,78.0286416666663,78.5774555555556,78,79,west_africa,1.05,3.5,3.5,3.5,2.27,3.5
Ouagadougou,Ouagadougou,Burkina Faso,BFA,3,110,8,Admin-0 capital,1149000,835457,-1.5266696,12.3722618,2478.79625555556,994.829697222222,2479,995,-21.2037444444445,-5.17030277777781,-21,-5,west_africa,1.04,3.5,3.5,3.5,2.27,3.5
Ikare,Ikare,Nigeria,NGA,7,20,2,Populated place,1099931,700000,5.7599996,7.5304305,2579.99999444445,1062.07735416667,2580,1062,79.9999944444448,62.0773541666667,80,62,west_africa,1.03,3.5,3.5,3.5,2.27,3.5
Monrovia,Monrovia,Liberia,LBR,2,200,8,Admin-0 capital,1041000,785662,-10.7996604,6.3145816,2350.00471666667,1078.96414444444,2350,1079,-149.995283333333,78.9641444444444,-150,79,west_africa,1.01,3.5,3.5,3.5,2.25,3.5
Port Harcourt,Port Harcourt,Nigeria,NGA,4,50,2,Admin-1 capital,1020000,1020000,7.0080549,4.8119481,2597.33409583333,1099.83405416667,2597,1100,97.3340958333329,99.8340541666667,97,100,west_africa,1.01,3.5,3.5,3.5,2.25,3.5
Kinshasa,Kinshasa,Congo (Kinshasa),COD,1,300,3,Admin-0 capital,7843000,5565703,15.313026,-4.3277782,2712.68091666667,1226.77469722222,2713,1227,212.680916666667,226.774697222222,213,227,southern_africa,2.78,4.5,4.5,4,3.64,4.3
Luanda,Luanda,Angola,AGO,2,200,6,Admin-0 capital,5172900,1951272,13.2324812,-8.8363403,2683.78446111111,1289.39361527778,2684,1289,183.784461111111,289.393615277778,184,289,southern_africa,2.08,4.5,4.5,4,3.29,4.3
Johannesburg,Johannesburg,South Africa,ZAF,1,300,3,Admin-0 capital,3435000,2026469,28.0280639,-26.1680989,2889.27866527778,1530.11248472222,2889,1530,389.278665277778,530.112484722222,389,530,southern_africa,1.63,4.5,4.5,4,3.06,4.3
Cape Town,Cape Town,South Africa,ZAF,0,600,3,Admin-0 capital,3215000,2432858,18.4330423,-33.9180651,2756.01447638889,1637.75090416667,2756,1638,256.014476388889,637.750904166667,256,638,southern_africa,1.57,4.5,4.5,4,3.04,4.3
Benoni,Benoni,South Africa,ZAF,6,30,3,Populated place,2986000,605344,28.3279939,-26.147635,2893.44435972222,1529.82826388889,2893,1530,393.444359722222,529.828263888889,393,530,southern_africa,1.52,4.5,4.5,4,3.01,4.3
Durban,Durban,South Africa,ZAF,2,200,3,Populated place,2729000,2729000,31.0109436632624,-29.8606623411821,2930.70755087864,1581.39808807197,2931,1581,430.707550878644,581.398088071974,431,581,southern_africa,1.45,4.5,4.5,4,2.98,4.3
Antananarivo,Antananarivo,Madagascar,MDG,3,110,6,Admin-0 capital,1697000,1391433,47.514678,-18.9146915,3159.92608333333,1429.37071527778,3160,1429,659.926083333333,429.370715277778,660,429,southern_africa,1.18,4.5,4.5,4,2.84,4.3
Harare,Harare,Zimbabwe,ZWE,3,110,6,Admin-0 capital,1572000,1542813,31.0427636,-17.8158438,2931.14949444444,1414.10894166667,2931,1414,431.149494444444,414.108941666667,431,414,southern_africa,1.15,4.5,4.5,4,2.83,4.3
Maputo,Maputo,Mozambique,MOZ,3,110,6,Admin-0 capital,1446000,1191613,32.5872171,-25.9533316,2952.6002375,1527.12960555556,2953,1527,452.6002375,527.129605555555,453,527,southern_africa,1.12,4.5,4.5,4,2.81,4.3
Brazzaville,Brazzaville,Congo (Brazzaville),COG,3,110,7,Admin-0 capital,1355000,1163890,15.2827436,-4.2572399,2712.26032777778,1225.79499861111,2712,1226,212.260327777778,225.794998611111,212,226,southern_africa,1.09,4.5,4.5,4,2.79,4.3
Lubumbashi,Lubumbashi,Congo (Kinshasa),COD,3,110,3,Admin-1 capital,1352000,876634,27.4780716,-11.6780789,2881.63988333333,1328.86220694444,2882,1329,381.639883333333,328.862206944445,382,329,southern_africa,1.09,4.5,4.5,4,2.79,4.3
Pretoria,Pretoria,South Africa,ZAF,3,110,3,Admin-0 capital,1338000,1338000,28.2274832,-25.7049747,2892.04837777778,1523.68020416667,2892,1524,392.048377777778,523.680204166667,392,524,southern_africa,1.09,4.5,4.5,4,2.79,4.3
Lusaka,Lusaka,Zambia,ZMB,3,110,6,Admin-0 capital,1328000,1267440,28.2813817,-15.4146984,2892.79696805556,1380.7597,2893,1381,392.796968055555,380.7597,393,381,southern_africa,1.09,4.5,4.5,4,2.79,4.3
Mbuji-Mayi,Mbuji-Mayi,Congo (Kinshasa),COD,4,50,3,Admin-1 capital,1295000,874761,23.59805,-6.1480806,2827.75069444445,1252.056675,2828,1252,327.750694444445,252.056675,328,252,southern_africa,1.08,4.5,4.5,4,2.79,4.3
Huambo,Huambo,Angola,AGO,3,110,6,Admin-1 capital,1100000,872000,15.7580635,-12.7480395,2718.86199305556,1343.72277083333,2719,1344,218.861993055555,343.722770833333,219,344,southern_africa,1.03,4.5,4.5,4,2.77,4.3
Vereeniging,Vereeniging,South Africa,ZAF,6,30,3,Populated place,1074000,474681,27.9580423,-26.6476562,2888.30614305556,1536.77300277778,2888,1537,388.306143055556,536.773002777778,388,537,southern_africa,1.02,4.5,4.5,4,2.76,4.3
Port Elizabeth,Port Elizabeth,South Africa,ZAF,3,110,3,Populated place,1021000,640054,25.598083,-33.9680879,2855.52893055556,1638.44566527778,2856,1638,355.528930555555,638.445665277778,356,638,southern_africa,1.01,4.5,4.5,4,2.75,4.3
Manila,Manila,Philippines,PHL,1,300,5,Admin-0 capital,11100000,3077575,120.9802713,14.6061048,4180.28154583333,963.8041,4180,964,1680.28154583333,-36.1958999999999,1680,-36,southeast_asia,3.62,6.5,5.5,6,5.06,5.7
Jakarta,Jakarta,Indonesia,IDN,0,600,1,Admin-0 capital,9125000,8540121,106.8274918,-6.1724718,3983.71516388889,1252.39544166667,3984,1252,1483.71516388889,252.395441666667,1484,252,southeast_asia,3.11,6.5,5.5,6,4.8,5.7
Bangkok,Bangkok,Thailand,THA,1,300,5,Admin-0 capital,6704000,5104476,100.5146988,13.7519451,3896.03748333333,975.667429166667,3896,976,1396.03748333333,-24.3325708333333,1396,-24,southeast_asia,2.48,6.5,5.5,6,4.49,5.7
Ho Chi Minh City,Ho Chi Minh City,Vietnam,VNM,2,200,5,Admin-1 capital,5314000,3467331,106.702984702187,10.7621245651775,3981.98589864149,1017.19271437253,3982,1017,1481.98589864149,17.1927143725345,1482,17,southeast_asia,2.12,6.5,5.5,6,4.31,5.7
Singapore,Singapore,Singapore,SGP,0,600,0,Admin-0 capital,5183700,3289529,103.8538748,1.2949793,3942.41492777778,1148.68084305556,3942,1149,1442.41492777778,148.680843055556,1442,149,southeast_asia,2.09,6.5,5.5,6,4.29,5.7
Hanoi,Hanoi,Vietnam,VNM,2,200,5,Admin-0 capital,4378000,1431270,105.8480683,21.0352731,3970.11205972222,874.510095833333,3970,875,1470.11205972222,-125.489904166667,1470,-125,southeast_asia,1.88,6.5,5.5,6,4.19,5.7
Yangon,Rangoon,Myanmar,MMR,2,200,5,Admin-0 capital,4088000,3301820,96.1647318,16.7853,3835.621275,933.5375,3836,934,1335.621275,-66.4625000000001,1336,-66,southeast_asia,1.8,6.5,5.5,6,4.15,5.7
Surabaya,Surabaya,Indonesia,IDN,2,200,1,Admin-1 capital,2845000,2374658,112.7488874,-7.24729,4065.95676944445,1267.32347222222,4066,1267,1565.95676944444,267.323472222222,1566,267,southeast_asia,1.48,6.5,5.5,6,3.99,5.7
Quezon City,Quezon City,Philippines,PHL,7,20,5,Populated place,2761720,2761720,121.0299662,14.6504352,4180.97175277778,963.1884,4181,963,1680.97175277778,-36.8116,1681,-37,southeast_asia,1.46,6.5,5.5,6,3.98,5.7
George Town,George Town,Malaysia,MYS,4,50,6,Admin-1 capital,2500000,720202,100.3293679,5.4136132,3893.46344305555,1091.47759444444,3893,1091,1393.46344305555,91.4775944444443,1393,91,southeast_asia,1.39,6.5,5.5,6,3.94,5.7
Bandung,Bandung,Indonesia,IDN,2,200,1,Admin-1 capital,2394000,1699719,107.5680667,-6.9480834,3994.00092638889,1263.167825,3994,1263,1494.00092638889,263.167825,1494,263,southeast_asia,1.36,6.5,5.5,6,3.93,5.7
Bekasi,Bekasi,Indonesia,IDN,7,20,1,Populated place,2378211,1520119,106.972323,-6.2172575,3985.72670833333,1253.01746527778,3986,1253,1485.72670833333,253.017465277778,1486,253,southeast_asia,1.36,6.5,5.5,6,3.93,5.7
Medan,Medan,Indonesia,IDN,2,200,1,Admin-1 capital,2115000,1750971,98.6480944,3.5819198,3870.11242222222,1116.91778055556,3870,1117,1370.11242222222,116.917780555556,1370,117,southeast_asia,1.29,6.5,5.5,6,3.9,5.7
Haiphong,Haiphong,Vietnam,VNM,4,50,5,Admin-1 capital,1969000,602695,106.6781469,20.8319522,3981.64092916667,877.333997222222,3982,877,1481.64092916667,-122.666002777778,1482,-123,southeast_asia,1.25,6.5,5.5,6,3.88,5.7
Palembang,Palembang,Indonesia,IDN,3,110,1,Admin-1 capital,1749000,1441500,104.7480838,-2.9780932,3954.83449722222,1208.02907222222,3955,1208,1454.83449722222,208.029072222222,1455,208,southeast_asia,1.19,6.5,5.5,6,3.84,5.7
Phnom Penh,Phnom Penh,Cambodia,KHM,3,110,8,Admin-0 capital,1466000,1466000,104.9146886,11.551976,3957.14845277778,1006.22255555556,3957,1006,1457.14845277778,6.22255555555546,1457,6,southeast_asia,1.12,6.5,5.5,6,3.81,5.7
Kuala Lumpur,Kuala Lumpur,Malaysia,MYS,2,200,6,Admin-0 capital,1448000,1448000,101.688699291062,3.13979694393525,3912.34304570919,1123.05837577868,3912,1123,1412.34304570919,123.058375778677,1412,123,southeast_asia,1.12,6.5,5.5,6,3.81,5.7
Davao,Davao,Philippines,PHL,3,110,5,Populated place,1402000,1212504,125.6280496,7.1119628,4244.83402222222,1067.88940555556,4245,1068,1744.83402222222,67.8894055555554,1745,68,southeast_asia,1.1,6.5,5.5,6,3.8,5.7
Semarang,Semarang,Indonesia,IDN,3,110,1,Admin-1 capital,1396000,1288084,110.4180736,-6.9646716,4033.58435555556,1263.39821666667,4034,1263,1533.58435555556,263.398216666667,1534,263,southeast_asia,1.1,6.5,5.5,6,3.8,5.7
Mandalay,Mandalay,Myanmar,MMR,4,50,5,Admin-1 capital,1300000,1034000,96.083083,21.9719343,3834.48726388889,861.5009125,3834,862,1334.48726388889,-138.4990875,1334,-138,southeast_asia,1.08,6.5,5.5,6,3.79,5.7
Makassar,Makassar,Indonesia,IDN,3,110,1,Admin-1 capital,1262000,1262000,119.4300817,-5.138013,4158.75113472222,1238.02795833333,4159,1238,1658.75113472222,238.027958333333,1659,238,southeast_asia,1.07,6.5,5.5,6,3.79,5.7
Cilacap,Cilacap,Indonesia,IDN,7,20,1,Populated place,1174964,1174964,109.0154024,-7.7188196,4014.10281111111,1273.87249444444,4014,1274,1514.10281111111,273.872494444444,1514,274,southeast_asia,1.05,6.5,5.5,6,3.77,5.7
Cagayan de Oro,Cagayan de Oro,Philippines,PHL,6,30,5,Populated place,1121561,602088,124.6852986,8.4508395,4231.74025833333,1049.29389583333,4232,1049,1731.74025833333,49.2938958333334,1732,49,southeast_asia,1.03,6.5,5.5,6,3.77,5.7
Can Tho,Can Tho,Vietnam,VNM,6,30,5,Admin-1 capital,1121000,259598,105.7700191,10.0499925,3969.02804305556,1027.0834375,3969,1027,1469.02804305556,27.0834374999999,1469,27,southeast_asia,1.03,6.5,5.5,6,3.77,5.7
Da Nang,Da Nang,Vietnam,VNM,4,50,5,Admin-1 capital,1000000,887069,108.2499711,16.0600391,4003.47182083333,943.610568055556,4003,944,1503.47182083333,-56.3894319444445,1503,-56,southeast_asia,1,6.5,5.5,6,3.75,5.7
São Paulo,Sao Paulo,Brazil,BRA,0,600,1,Admin-1 capital,18845000,10021295,-46.6269658,-23.5567337,1852.40325277778,1493.84352361111,1852,1494,-647.596747222222,493.843523611111,-648,494,south_america,5.63,5.5,5,5,5.56,5
Buenos Aires,Buenos Aires,Argentina,ARG,1,300,3,Admin-0 capital,12795000,10929146,-58.4325126876643,-34.6107145913926,1688.43732378244,1647.37103599156,1688,1647,-811.562676217559,647.371035991563,-812,647,south_america,4.06,5.5,5,5,4.78,5
Rio de Janeiro,Rio de Janeiro,Brazil,BRA,0,600,1,Admin-1 capital,11748000,2010175,-43.2121174668344,-22.9073080568824,1899.83170184952,1484.82372301226,1900,1485,-600.168298150478,484.823723012255,-600,485,south_america,3.79,5.5,5,5,4.64,5
Lima,Lima,Peru,PER,1,300,5,Admin-0 capital,8012000,6758234,-77.052008,-12.0460668,1429.83322222222,1333.97315,1430,1334,-1070.16677777778,333.97315,-1070,334,south_america,2.82,5.5,5,5,4.16,5
Bogota,Bogota,Colombia,COL,0,600,5,Admin-0 capital,7772000,6333661,-74.0852898,4.5983694,1471.03764166667,1102.800425,1471,1103,-1028.96235833333,102.800425,-1029,103,south_america,2.76,5.5,5,5,4.13,5
Santiago,Santiago,Chile,CHL,0,600,3,Admin-0 capital,5720000,46611,-70.6505040728578,-33.4402050691807,1518.74299898809,1631.11395929418,1519,1631,-981.257001011914,631.113959294177,-981,631,south_america,2.23,5.5,5,5,3.87,5
Belo Horizonte,Belo Horizonte,Brazil,BRA,4,50,1,Admin-1 capital,5575000,2373224,-43.9169504,-19.9130802,1890.04235555556,1443.237225,1890,1443,-609.957644444444,443.237225,-610,443,south_america,2.19,5.5,5,5,3.84,5
Porto Alegre,Porto Alegre,Brazil,BRA,2,200,1,Admin-1 capital,3917000,1372741,-51.2019579,-30.0480688,1788.86169583333,1584.00095555556,1789,1584,-711.138304166667,584.000955555556,-711,584,south_america,1.76,5.5,5,5,3.63,5
Brasília,Brasilia,Brazil,BRA,2,200,1,Admin-0 capital,3716996,2562963,-47.9179981,-15.7813944,1834.47224861111,1385.8527,1834,1386,-665.527751388889,385.8527,-666,386,south_america,1.71,5.5,5,5,3.6,5
Recife,Recife,Brazil,BRA,2,200,1,Admin-1 capital,3651000,1478098,-34.9087655000245,-8.06053182704913,2015.15603472188,1278.6184975979,2015,1279,-484.843965278118,278.618497597905,-485,279,south_america,1.69,5.5,5,5,3.59,5
Fortaleza,Fortaleza,Brazil,BRA,2,200,1,Admin-1 capital,3602319,2315116,-38.5819272,-3.748072,1964.1399,1218.72322222222,1964,1219,-535.8601,218.723222222222,-536,219,south_america,1.68,5.5,5,5,3.59,5
Salvador,Salvador,Brazil,BRA,2,200,1,Admin-1 capital,3484000,2678845,-38.4819333,-12.968026,1965.52870416667,1346.77813888889,1966,1347,-534.471295833333,346.778138888889,-534,347,south_america,1.64,5.5,5,5,3.57,5
Medellín,Medellin,Colombia,COL,2,200,5,Admin-1 capital,3297000,1999979,-75.5769559,6.2769491,1450.32005694444,1079.48681805556,1450,1079,-1049.67994305556,79.4868180555557,-1050,79,south_america,1.6,5.5,5,5,3.55,5
Curitiba,Curitiba,Brazil,BRA,2,200,1,Admin-1 capital,3084000,1498860,-49.3219435,-25.4180671,1814.97300694444,1519.69537638889,1815,1520,-685.026993055556,519.695376388889,-685,520,south_america,1.54,5.5,5,5,3.52,5
Caracas,Caracas,Venezuela,VEN,1,300,6,Admin-0 capital,2985000,1815679,-66.9189831,10.5029444,1570.56967916667,1020.79243888889,1571,1021,-929.430320833334,20.7924388888889,-929,21,south_america,1.52,5.5,5,5,3.51,5
Campinas,Campinas,Brazil,BRA,4,50,1,Populated place,2791000,1031554,-47.0558854186193,-22.9078978660501,1846.44603585251,1484.83191480625,1846,1485,-653.553964147491,484.831914806251,-654,485,south_america,1.46,5.5,5,5,3.48,5
Guayaquil,Guayaquil,Ecuador,ECU,2,200,7,Admin-1 capital,2514000,1952029,-79.9219878,-2.2180879,1389.97239166667,1197.47344305556,1390,1197,-1110.02760833333,197.473443055556,-1110,197,south_america,1.39,5.5,5,5,3.44,5
Cali,Cali,Colombia,COL,2,200,5,Admin-1 capital,2254000,2178836,-76.5019123,3.401905,1437.47344027778,1119.41798611111,1437,1119,-1062.52655972222,119.417986111111,-1063,119,south_america,1.33,5.5,5,5,3.42,5
Belém,Belem,Brazil,BRA,2,200,1,Admin-1 capital,2167000,1407737,-48.4819689,-1.4480574,1826.63932083333,1186.778575,1827,1187,-673.360679166667,186.778575,-673,187,south_america,1.3,5.5,5,5,3.4,5
Santa Cruz,Santa Cruz,Bolivia,BOL,3,110,6,Admin-1 capital,2102998,1616063,-63.2279422,-17.7519718,1621.83413611111,1413.22183055556,1622,1413,-878.165863888889,413.221830555556,-878,413,south_america,1.29,5.5,5,5,3.4,5
Maracaibo,Maracaibo,Venezuela,VEN,2,200,6,Admin-1 capital,2072000,1457300,-71.6619235,10.7319227,1504.69550694444,1017.61218472222,1505,1018,-995.304493055555,17.6121847222222,-995,18,south_america,1.28,5.5,5,5,3.39,5
Goiânia,Goiania,Brazil,BRA,2,200,1,Admin-1 capital,2022000,1171195,-49.3019705,-16.7180814,1815.25040972222,1398.86224166667,1815,1399,-684.749590277778,398.862241666667,-685,399,south_america,1.27,5.5,5,5,3.38,5
Asunción,Asuncion,Paraguay,PRY,3,110,7,Admin-0 capital,1870000,11693,-57.625833755283,-25.2906708361096,1699.64119784329,1517.92598383486,1700,1518,-800.358802156708,517.925983834856,-800,518,south_america,1.23,5.5,5,5,3.37,5
Barranquilla,Barranquilla,Colombia,COL,4,50,5,Admin-1 capital,1798000,1244491,-74.8019127,10.9619345,1461.08454583333,1014.41757638889,1461,1014,-1038.91545416667,14.417576388889,-1039,14,south_america,1.21,5.5,5,5,3.35,5
Valencia,Valencia,Venezuela,VEN,3,110,6,Admin-1 capital,1770000,1369053,-67.9819673,10.2319274,1555.80600972222,1024.55656388889,1556,1025,-944.193990277778,24.5565638888888,-944,25,south_america,1.2,5.5,5,5,3.35,5
Manaus,Manaus,Brazil,BRA,3,110,1,Admin-1 capital,1753000,1520244,-60.0019634,-3.0980859,1666.63939722222,1209.6956375,1667,1210,-833.360602777778,209.6956375,-833,210,south_america,1.2,5.5,5,5,3.35,5
Santos,Santos,Brazil,BRA,6,30,1,Populated place,1709000,411403,-46.3284957146001,-23.9618355981938,1856.54867063055,1499.4699388638,1857,1499,-643.451329369446,499.469938863803,-643,499,south_america,1.18,5.5,5,5,3.34,5
Vitória,Vitoria,Brazil,BRA,6,30,1,Admin-1 capital,1704000,312656,-40.3539433547604,-20.3320422909247,1939.52856451722,1449.05614292951,1940,1449,-560.471435482783,449.05614292951,-560,449,south_america,1.18,5.5,5,5,3.34,5
Quito,Quito,Ecuador,ECU,3,110,7,Admin-0 capital,1701000,1399814,-78.501997,-0.2130423,1409.69448611111,1169.6255875,1410,1170,-1090.30551388889,169.6255875,-1090,170,south_america,1.18,5.5,5,5,3.34,5
La Paz,La Paz,Bolivia,BOL,3,110,6,Admin-0 capital,1590000,812799,-68.151931,-16.4960278,1553.44540277778,1395.77816388889,1553,1396,-946.554597222222,395.778163888889,-947,396,south_america,1.15,5.5,5,5,3.33,5
Montevideo,Montevideo,Uruguay,URY,3,110,8,Admin-0 capital,1513000,5324,-56.1868233783107,-34.9053763897081,1719.62745307902,1651.46356096817,1720,1651,-780.372546920983,651.463560968168,-780,651,south_america,1.13,5.5,5,5,3.31,5
Niterói,Niteroi,Brazil,BRA,8,10,1,Admin-1 capital,1500513,487327,-43.1058263657189,-22.8825337556897,1901.30796714279,1484.47963549569,1901,1484,-598.692032857207,484.479635495691,-599,484,south_america,1.13,5.5,5,5,3.31,5
Córdoba,Cordoba,Argentina,ARG,3,110,3,Admin-1 capital,1452000,1296935,-64.1842404,-31.3980122,1608.55221666667,1602.75016944444,1609,1603,-891.447783333333,602.750169444444,-891,603,south_america,1.12,5.5,5,5,3.31,5
Vila Velha,Vila Velha,Brazil,BRA,4,50,1,Populated place,1209091,275736,-40.2902327248749,-20.3380463074306,1940.41343437674,1449.13953204765,1940,1449,-559.586565623263,449.139532047647,-560,449,south_america,1.05,5.5,5,5,3.27,5
Vila Velha,Vila Velha,Brazil,BRA,6,30,1,Populated place,1209091,275736,-51.2166519,3.2166628,1788.6576125,1121.99079444444,1789,1122,-711.3423875,121.990794444444,-711,122,south_america,1.05,5.5,5,5,3.27,5
Rosario,Rosario,Argentina,ARG,4,50,3,Populated place,1203000,986569,-60.6682535,-32.9491837,1657.38536805556,1624.29421805556,1657,1624,-842.614631944445,624.294218055556,-843,624,south_america,1.05,5.5,5,5,3.27,5
Maceió,Maceio,Brazil,BRA,4,50,1,Admin-1 capital,1186000,814431,-35.7319203,-9.6180496,2003.72332916667,1300.25068888889,2004,1300,-496.276670833334,300.250688888889,-496,300,south_america,1.05,5.5,5,5,3.27,5
Barquisimeto,Barquisimeto,Venezuela,VEN,6,30,6,Admin-1 capital,1116000,809490,-69.3019125,10.0519384,1537.4734375,1027.05641111111,1537,1027,-962.5265625,27.0564111111112,-963,27,south_america,1.03,5.5,5,5,3.27,5
Natal,Natal,Brazil,BRA,4,50,1,Admin-1 capital,1088000,763043,-35.2419502,-5.7780773,2010.52846944444,1246.91774027778,2011,1247,-489.471530555556,246.917740277778,-489,247,south_america,1.02,5.5,5,5,3.26,5
São Luís,Sao Luis,Brazil,BRA,4,50,1,Admin-1 capital,1038000,11385,-44.2679367,-2.5140388,1885.16754583333,1201.58387222222,1885,1202,-614.832454166667,201.583872222222,-615,202,south_america,1.01,5.5,5,5,3.25,5
Florianópolis,Florianopolis,Brazil,BRA,3,110,1,Admin-1 capital,1023000,114566,-48.5219664,-27.5780387,1826.0838,1549.69498194444,1826,1550,-673.9162,549.694981944445,-674,550,south_america,1.01,5.5,5,5,3.25,5
Bucaramanga,Bucaramanga,Colombia,COL,6,30,5,Admin-1 capital,1009000,571820,-73.1278289,7.1320391,1484.33570972222,1067.61056805556,1484,1068,-1015.66429027778,67.6105680555556,-1016,68,south_america,1,5.5,5,5,3.25,5
Maracay,Maracay,Venezuela,VEN,6,30,6,Populated place,1007000,1007000,-67.597753,10.2488256,1561.14231944444,1024.32186666667,1561,1024,-938.857680555555,24.3218666666667,-939,24,south_america,1,5.5,5,5,3.25,5
Cochabamba,Cochabamba,Bolivia,BOL,6,30,6,Admin-1 capital,1000000,608276,-66.1699768,-17.410011,1580.97254444444,1408.472375,1581,1408,-919.027455555555,408.472375,-919,408,south_america,1,5.5,5,5,3.25,5
Moscow,Moscow,Russia,RUS,0,600,2,Admin-0 capital,10452000,10452000,37.613577,55.75411,3022.41079166667,392.304027777778,3022,392,522.410791666667,-607.695972222222,522,-608,russia_central_asia,3.45,5.5,7.5,5,4.47,6.5
St.  Petersburg,St. Petersburg,Russia,RUS,2,200,2,Admin-1 capital,4553000,3493212,30.3140742,59.9409604,2921.02880833333,334.153327777778,2921,334,421.028808333333,-665.846672222222,421,-666,russia_central_asia,1.92,5.5,7.5,5,3.71,6.5
Tashkent,Tashkent,Uzbekistan,UZB,1,300,6,Admin-0 capital,2184000,1978028,69.2688229426626,41.303828221562,3462.06698531476,593.002385811639,3462,593,962.066985314758,-406.997614188361,962,-407,russia_central_asia,1.31,5.5,7.5,5,3.41,6.5
Baku,Baku,Azerbaijan,AZE,3,110,8,Admin-0 capital,2122300,1892000,49.8602713,40.3972179,3192.50376805556,605.594195833333,3193,606,692.503768055556,-394.405804166667,693,-394,russia_central_asia,1.29,5.5,7.5,5,3.4,6.5
Novosibirsk,Novosibirsk,Russia,RUS,3,110,2,Admin-1 capital,1389000,1037201,82.958096,55.031906,3652.19577777778,402.334638888889,3652,402,1152.19577777778,-597.665361111111,1152,-598,russia_central_asia,1.1,5.5,7.5,5,3.3,6.5
Yekaterinburg,Yekaterinburg,Russia,RUS,3,110,2,Admin-1 capital,1313000,1227976,60.5980138,56.8519758,3341.63908055556,377.055891666667,3342,377,841.639080555555,-622.944108333333,842,-623,russia_central_asia,1.08,5.5,7.5,5,3.29,6.5
Nizhny Novgorod,Nizhny Novgorod,Russia,RUS,3,110,2,Admin-1 capital,1278000,1214926,43.9981485,56.3349531,3111.08539583333,384.2367625,3111,384,611.085395833333,-615.7632375,611,-616,russia_central_asia,1.07,5.5,7.5,5,3.29,6.5
Almaty,Almaty,Kazakhstan,KAZ,3,110,6,Admin-1 capital,1209000,983512,76.9130903,43.3269357,3568.23736527778,564.903670833333,3568,565,1068.23736527778,-435.096329166667,1068,-435,russia_central_asia,1.05,5.5,7.5,5,3.27,6.5
Samara,Samara,Russia,RUS,3,110,2,Admin-1 capital,1137000,856190,50.1493493,53.1969534,3196.51874027778,427.820091666667,3197,428,696.518740277777,-572.179908333333,697,-572,russia_central_asia,1.04,5.5,7.5,5,3.27,6.5
Omsk,Omsk,Russia,RUS,4,50,2,Admin-1 capital,1135000,1043403,73.3980077,54.9919343,3519.41677361111,402.889801388889,3519,403,1019.41677361111,-597.110198611111,1019,-597,russia_central_asia,1.04,5.5,7.5,5,3.27,6.5
Kazan,Kazan,Russia,RUS,3,110,2,Admin-1 capital,1115000,912270,49.1243989,55.7518879,3182.28331805556,392.334890277778,3182,392,682.283318055556,-607.665109722222,682,-608,russia_central_asia,1.03,5.5,7.5,5,3.27,6.5
Yerevan,Yerevan,Armenia,ARM,3,110,8,Admin-0 capital,1102000,1093485,44.5116055,40.1830966,3118.21674305556,608.568102777778,3118,609,618.216743055556,-391.431897222222,618,-391,russia_central_asia,1.03,5.5,7.5,5,3.27,6.5
Tbilisi,Tbilisi,Georgia,GEO,3,110,8,Admin-0 capital,1100000,1005257,44.7888496,41.7269558,3122.06735555556,587.125613888889,3122,587,622.067355555555,-412.874386111111,622,-413,russia_central_asia,1.03,5.5,7.5,5,3.27,6.5
Chelyabinsk,Chelyabinsk,Russia,RUS,4,50,2,Admin-1 capital,1091000,946604,61.4367223,55.1569371,3353.28780972222,400.598095833333,3353,401,853.287809722222,-599.401904166667,853,-599,russia_central_asia,1.02,5.5,7.5,5,3.26,6.5
Dushanbe,Dushanbe,Tajikistan,TJK,3,110,8,Admin-0 capital,1086244,679400,68.7738794,38.5600352,3455.19276944444,631.110622222222,3455,631,955.192769444444,-368.889377777778,955,-369,russia_central_asia,1.02,5.5,7.5,5,3.26,6.5
Rostov,Rostov,Russia,RUS,4,50,2,Admin-1 capital,1052000,1013134,39.7107099,47.2365937,3051.5376375,510.602865277778,3052,511,551.5376375,-489.397134722222,552,-489,russia_central_asia,1.01,5.5,7.5,5,3.25,6.5
Ufa,Ufa,Russia,RUS,3,110,2,Admin-1 capital,1018000,920756,56.0380854,54.7919207,3278.30674166667,405.667768055556,3278,406,778.306741666667,-594.332231944444,778,-594,russia_central_asia,1,5.5,7.5,5,3.25,6.5
Sydney,Sydney,Australia,AUS,0,600,3,Admin-1 capital,4630000,3641422,151.212547774475,-33.8713733921834,4600.17427464549,1637.10240822477,4600,1637,2100.17427464548,637.102408224769,2100,637,oceania,1.94,7,6.5,7,4.47,6.7
Melbourne,Melbourne,Australia,AUS,1,300,3,Admin-1 capital,4170000,93625,144.9730704,-37.8180855,4513.51486666667,1691.91785416667,4514,1692,2013.51486666667,691.917854166667,2014,692,oceania,1.82,7,6.5,7,4.41,6.7
Brisbane,Brisbane,Australia,AUS,3,110,3,Admin-1 capital,1860000,926353,153.0331469,-27.453085,4625.46037361111,1547.95951388889,4625,1548,2125.46037361111,547.959513888889,2125,548,oceania,1.22,7,6.5,7,4.11,6.7
Perth,Perth,Australia,AUS,2,200,3,Admin-1 capital,1532000,880216,115.8380529,-31.9530688,4108.86184583333,1610.45928888889,4109,1610,1608.86184583333,610.459288888889,1609,610,oceania,1.14,7,6.5,7,4.07,6.7
Auckland,Auckland,New Zealand,NZL,1,300,8,Admin-1 capital,1377200,395982,174.763027,-36.8480549,4927.26426388889,1678.44520694444,4927,1678,2427.26426388889,678.445206944444,2427,678,oceania,1.1,7,6.5,7,4.05,6.7
Adelaide,Adelaide,Australia,AUS,3,110,3,Admin-1 capital,1145000,836354,138.598059,-34.9330419,4424.97304166667,1651.84780416667,4425,1652,1924.97304166667,651.847804166667,1925,652,oceania,1.04,7,6.5,7,4.02,6.7
New York,New York,United States of America,USA,0,600,1,Populated place,19040000,8008278,-73.995717543617,40.7215617497277,1472.2817007831,601.089420142671,1472,601,-1027.7182992169,-398.910579857329,-1028,-399,north_america,5.68,8.5,8.5,9,7.09,8.7
Los Angeles,Los Angeles,United States of America,USA,0,600,1,Populated place,12500000,3694820,-118.231986472233,34.0492192603371,857.889076774539,693.76084360643,858,694,-1642.11092322546,-306.239156393571,-1642,-306,north_america,3.98,8.5,8.5,9,6.24,8.7
Chicago,Chicago,United States of America,USA,1,300,1,Populated place,8990000,2841952,-87.6352365532234,41.8479612833641,1282.84393676079,585.444982175499,1283,585,-1217.15606323921,-414.555017824502,-1217,-415,north_america,3.07,8.5,8.5,9,5.79,8.7
Miami,Miami,United States of America,USA,1,300,1,Populated place,5585000,382894,-80.2260519,25.7895566,1385.74927916667,808.478380555556,1386,808,-1114.25072083333,-191.521619444444,-1114,-192,north_america,2.19,8.5,8.5,9,5.34,8.7
Philadelphia,Philadelphia,United States of America,USA,2,200,1,Populated place,5492000,1517550,-75.1798412402816,39.9459424374208,1455.83553832942,611.861910591379,1456,612,-1044.16446167058,-388.138089408622,-1044,-388,north_america,2.17,8.5,8.5,9,5.33,8.7
Toronto,Toronto,Canada,CAN,1,300,2,Admin-1 capital,5213000,3934421,-79.3894585549119,43.6646445474343,1397.36863118178,560.213270174524,1397,560,-1102.63136881822,-439.786729825476,-1103,-440,north_america,2.09,8.5,8.5,9,5.29,8.7
Dallas,Dallas,United States of America,USA,2,200,1,Populated place,4798000,1211704,-96.794687225294,32.7719581354392,1155.62934409314,711.500581452233,1156,712,-1344.37065590686,-288.499418547767,-1344,-288,north_america,1.99,8.5,8.5,9,5.25,8.7
Atlanta,Atlanta,United States of America,USA,1,300,1,Admin-1 capital,4506000,422908,-84.3676418657139,33.7394572837835,1328.22719630953,698.063093280785,1328,698,-1171.77280369047,-301.936906719215,-1172,-302,north_america,1.91,8.5,8.5,9,5.21,8.7
Boston,Boston,United States of America,USA,2,200,1,Admin-1 capital,4467000,589141,-71.0719595,42.331906,1512.88945138889,578.723527777778,1513,579,-987.110548611111,-421.276472222222,-987,-421,north_america,1.9,8.5,8.5,9,5.2,8.7
Houston,Houston,United States of America,USA,1,300,1,Populated place,4459000,3647574,-95.3484362567222,29.7412728318625,1175.71616310108,753.593432890798,1176,754,-1324.28383689892,-246.406567109202,-1324,-246,north_america,1.9,8.5,8.5,9,5.2,8.7
"Washington,  D.C.","Washington, D.C.",United States of America,USA,0,600,1,Admin-0 capital,4338000,552433,-77.0113644,38.9014952,1430.39771666667,626.368122222222,1430,626,-1069.60228333333,-373.631877777778,-1070,-374,north_america,1.87,8.5,8.5,9,5.19,8.7
Detroit,Detroit,United States of America,USA,2,200,1,Populated place,4101000,951270,-83.05133408216,42.3335580055957,1346.50924885889,578.700583255616,1347,579,-1153.49075114111,-421.299416744384,-1153,-421,north_america,1.8,8.5,8.5,9,5.15,8.7
Montréal,Montreal,Canada,CAN,2,200,2,Populated place,3678000,2356556,-73.5852428,45.5019451,1477.98273888889,534.695206944444,1478,535,-1022.01726111111,-465.304793055556,-1022,-465,north_america,1.7,8.5,8.5,9,5.1,8.7
Phoenix,Phoenix,United States of America,USA,2,200,1,Admin-1 capital,3551000,1321045,-112.067365277666,33.4483224038126,943.508815587974,702.10663328038,944,702,-1556.49118441203,-297.89336671962,-1556,-298,north_america,1.66,8.5,8.5,9,5.08,8.7
San Francisco,San Francisco,United States of America,USA,1,300,1,Populated place,3450000,732072,-122.399599563046,37.7842626515279,800.005561624367,641.885240951001,800,642,-1699.99443837563,-358.114759048999,-1700,-358,north_america,1.64,8.5,8.5,9,5.07,8.7
Seattle,Seattle,United States of America,USA,2,200,1,Populated place,3074000,569369,-122.315322316039,47.6004233194605,801.176078943902,505.549676118604,801,506,-1698.8239210561,-494.450323881396,-1699,-494,north_america,1.54,8.5,8.5,9,5.02,8.7
Irvine,Irvine,United States of America,USA,7,20,1,Populated place,3010232,212375,-117.8299502,33.6804106,863.472913888889,698.883186111111,863,699,-1636.52708611111,-301.116813888889,-1637,-301,north_america,1.52,8.5,8.5,9,5.01,8.7
San Diego,San Diego,United States of America,USA,2,200,1,Populated place,2916000,961141,-117.150881454026,32.7189138542114,872.904424249636,712.237307580397,873,712,-1627.09557575036,-287.762692419603,-1627,-288,north_america,1.5,8.5,8.5,9,5,8.7
Minneapolis,Minneapolis,United States of America,USA,2,200,1,Populated place,2616000,367773,-93.2537322,44.9819251,1204.809275,541.917706944445,1205,542,-1295.190725,-458.082293055556,-1295,-458,north_america,1.42,8.5,8.5,9,4.96,8.7
Tampa,Tampa,United States of America,USA,2,200,1,Populated place,2314000,324465,-82.4605667,27.9489338,1354.71435138889,778.487030555556,1355,778,-1145.28564861111,-221.512969444444,-1145,-222,north_america,1.34,8.5,8.5,9,4.92,8.7
Vancouver,Vancouver,Canada,CAN,1,300,2,Populated place,2313328,603502,-123.1235901,49.2753624,789.9501375,482.286633333333,790,482,-1710.0498625,-517.713366666667,-1710,-518,north_america,1.34,8.5,8.5,9,4.92,8.7
Denver,Denver,United States of America,USA,1,300,1,Admin-1 capital,2313000,1548599,-104.9859618,39.7411339,1041.86164166667,614.706473611111,1042,615,-1458.13835833333,-385.293526388889,-1458,-385,north_america,1.34,8.5,8.5,9,4.92,8.7
Baltimore,Baltimore,United States of America,USA,4,50,1,Populated place,2255000,610892,-76.6145820807727,39.2815157864136,1435.90858221149,621.090058522033,1436,621,-1064.09141778851,-378.909941477967,-1064,-379,north_america,1.33,8.5,8.5,9,4.92,8.7
St. Louis,St. Louis,United States of America,USA,2,200,1,Populated place,2199000,320916,-90.2419264,38.6369636,1246.63991111111,630.042172222222,1247,630,-1253.36008888889,-369.957827777778,-1253,-370,north_america,1.31,8.5,8.5,9,4.91,8.7
Fort Lauderdale,Fort Lauderdale,United States of America,USA,7,20,1,Populated place,2042042,165521,-80.1417855,26.1360649,1386.91964583333,803.665765277778,1387,804,-1113.08035416667,-196.334234722222,-1113,-196,north_america,1.27,8.5,8.5,9,4.88,8.7
Long Beach,Long Beach,United States of America,USA,6,30,1,Populated place,2036134,462257,-118.200337356597,33.7770176731432,858.328647825041,697.541421206345,858,698,-1641.67135217496,-302.458578793655,-1642,-302,north_america,1.27,8.5,8.5,9,4.88,8.7
Cleveland,Cleveland,United States of America,USA,3,110,1,Populated place,1890000,449514,-81.6969441,41.4719327,1365.32022083333,590.667601388889,1365,591,-1134.67977916667,-409.332398611111,-1135,-409,north_america,1.23,8.5,8.5,9,4.87,8.7
Portland,Portland,United States of America,USA,3,110,1,Populated place,1875000,540513,-122.6819359,45.5219697,796.084223611111,534.4170875,796,534,-1703.91577638889,-465.5829125,-1704,-466,north_america,1.23,8.5,8.5,9,4.87,8.7
Pittsburgh,Pittsburgh,United States of America,USA,3,110,1,Populated place,1838000,1232535,-80.0019313,40.4319445,1388.86206527778,605.111881944445,1389,605,-1111.13793472222,-394.888118055556,-1111,-395,north_america,1.22,8.5,8.5,9,4.86,8.7
Las Vegas,Las Vegas,United States of America,USA,3,110,1,Populated place,1823000,478434,-115.151361556019,36.164763225832,900.675533944187,664.378288530112,901,664,-1599.32446605581,-335.621711469888,-1599,-336,north_america,1.21,8.5,8.5,9,4.86,8.7
San Bernardino,San Bernardino,United States of America,USA,4,50,1,Populated place,1745000,202381,-117.3019801,34.1223296,870.805831944445,692.745422222222,871,693,-1629.19416805556,-307.254577777778,-1629,-307,north_america,1.19,8.5,8.5,9,4.84,8.7
San Jose,San Jose,United States of America,USA,3,110,1,Populated place,1668000,894943,-121.888178626289,37.3309426997371,807.108630190431,648.18135139254,807,648,-1692.89136980957,-351.81864860746,-1693,-352,north_america,1.17,8.5,8.5,9,4.83,8.7
Cincinnati,Cincinnati,United States of America,USA,3,110,1,Populated place,1636000,306382,-84.4588685,39.1638306,1326.96015972222,622.724575,1327,623,-1173.03984027778,-377.275425,-1173,-377,north_america,1.17,8.5,8.5,9,4.83,8.7
Sacramento,Sacramento,United States of America,USA,3,110,1,Admin-1 capital,1604000,467898,-121.4719839,38.5769672,812.8891125,630.875455555556,813,631,-1687.1108875,-369.124544444444,-1687,-369,north_america,1.16,8.5,8.5,9,4.83,8.7
Oakland,Oakland,United States of America,USA,6,30,1,Populated place,1510271,395817,-122.27803818708,37.804725027887,801.69391406834,641.601041279347,802,642,-1698.30608593166,-358.398958720653,-1698,-358,north_america,1.13,8.5,8.5,9,4.81,8.7
Virginia Beach,Virginia Beach,United States of America,USA,6,30,1,Populated place,1491000,263951,-75.9802646,36.8551602,1444.71854722222,654.789441666667,1445,655,-1055.28145277778,-345.210558333333,-1055,-345,north_america,1.13,8.5,8.5,9,4.81,8.7
San Antonio,San Antonio,United States of America,USA,3,110,1,Populated place,1473000,1256810,-98.4926929920987,29.4198484786034,1132.0459306653,758.057660019398,1132,758,-1367.9540693347,-241.942339980602,-1368,-242,north_america,1.12,8.5,8.5,9,4.81,8.7
Kansas City,Kansas City,United States of America,USA,4,50,1,Populated place,1469000,441545,-94.6060401,39.1090344,1186.02722083333,623.485633333334,1186,623,-1313.97277916667,-376.514366666667,-1314,-377,north_america,1.12,8.5,8.5,9,4.81,8.7
Ft.  Worth,Ft. Worth,United States of America,USA,4,50,1,Populated place,1440454,741206,-97.3400381,32.739977,1148.05502638889,711.944763888889,1148,712,-1351.94497361111,-288.055236111111,-1352,-288,north_america,1.11,8.5,8.5,9,4.8,8.7
Indianapolis,Indianapolis,United States of America,USA,4,50,1,Admin-1 capital,1436000,773283,-86.1719939,39.7519343,1303.16675138889,614.556468055556,1303,615,-1196.83324861111,-385.443531944444,-1197,-385,north_america,1.11,8.5,8.5,9,4.8,8.7
Milwaukee,Milwaukee,United States of America,USA,3,110,1,Populated place,1388000,579180,-87.9166732146255,43.0296083543008,1278.93509424131,569.033217301378,1279,569,-1221.06490575869,-430.966782698622,-1221,-431,north_america,1.1,8.5,8.5,9,4.8,8.7
Orlando,Orlando,United States of America,USA,4,50,1,Populated place,1350000,207970,-81.3819762,28.5119227,1369.694775,770.667740277778,1370,771,-1130.305225,-229.332259722222,-1130,-229,north_america,1.09,8.5,8.5,9,4.79,8.7
Providence,Providence,United States of America,USA,6,30,1,Admin-1 capital,1277000,50453,-71.4169256,41.8230482,1508.09825555556,585.790997222222,1508,586,-991.901744444444,-414.209002777778,-992,-414,north_america,1.07,8.5,8.5,9,4.79,8.7
Columbus,Columbus,United States of America,USA,6,30,1,Admin-1 capital,1270000,736836,-82.9919555,39.9819202,1347.33395138889,611.362219444445,1347,611,-1152.66604861111,-388.637780555556,-1153,-389,north_america,1.07,8.5,8.5,9,4.79,8.7
West Palm Beach,West Palm Beach,United States of America,USA,6,30,1,Populated place,1250000,101043,-80.1236213,26.74502,1387.17192638889,795.208055555556,1387,795,-1112.82807361111,-204.791944444444,-1113,-205,north_america,1.06,8.5,8.5,9,4.78,8.7
Raleigh,Raleigh,United States of America,USA,3,110,1,Admin-1 capital,1163515,416468,-78.6470346366454,35.7726960127119,1407.68007449104,669.823666490113,1408,670,-1092.31992550896,-330.176333509887,-1092,-330,north_america,1.04,8.5,8.5,9,4.77,8.7
Austin,Austin,United States of America,USA,4,50,1,Admin-1 capital,1161000,678368,-97.7447242,30.2688955,1142.43438611111,746.265340277778,1142,746,-1357.56561388889,-253.734659722222,-1358,-254,north_america,1.04,8.5,8.5,9,4.77,8.7
Ottawa,Ottawa,Canada,CAN,3,110,2,Admin-0 capital,1145000,812129,-75.7019612,45.4186427,1448.58387222222,535.852184722222,1449,536,-1051.41612777778,-464.147815277778,-1051,-464,north_america,1.04,8.5,8.5,9,4.77,8.7
Birmingham,Birmingham,United States of America,USA,6,30,1,Populated place,1128047,212237,-86.8249952,33.5300063,1294.09728888889,700.972134722222,1294,701,-1205.90271111111,-299.027865277778,-1206,-299,north_america,1.03,8.5,8.5,9,4.76,8.7
Calgary,Calgary,Canada,CAN,3,110,2,Populated place,1110000,915322,-114.0819441,51.0849376,915.528554166667,457.153644444444,916,457,-1584.47144583333,-542.846355555556,-1584,-543,north_america,1.03,8.5,8.5,9,4.76,8.7
Mesa,Mesa,United States of America,USA,8,10,1,Populated place,1085394,439041,-111.820966964502,33.4147957149874,946.93101438192,702.572281736286,947,703,-1553.06898561808,-297.427718263714,-1553,-297,north_america,1.02,8.5,8.5,9,4.76,8.7
Memphis,Memphis,United States of America,USA,3,110,1,Populated place,1081000,426687,-90.0287770227853,35.1447011551516,1249.60031912798,678.545817289562,1250,679,-1250.39968087202,-321.454182710438,-1250,-321,north_america,1.02,8.5,8.5,9,4.76,8.7
Edmonton,Edmonton,Canada,CAN,2,200,2,Admin-1 capital,1058000,712391,-113.5019278,53.5519705,923.584336111111,422.889298611111,924,423,-1576.41566388889,-577.110701388889,-1576,-577,north_america,1.02,8.5,8.5,9,4.76,8.7
Norfolk,Norfolk,United States of America,USA,3,110,1,Populated place,1047869,242803,-76.2800057,36.8499587,1440.55547638889,654.861684722222,1441,655,-1059.44452361111,-345.138315277778,-1059,-345,north_america,1.01,8.5,8.5,9,4.75,8.7
Bridgeport,Bridgeport,United States of America,USA,4,50,1,Populated place,1018000,139090,-73.201907,41.1819245,1483.30684722222,594.695493055556,1483,595,-1016.69315277778,-405.304506944444,-1017,-405,north_america,1,8.5,8.5,9,4.75,8.7
Buffalo,Buffalo,United States of America,USA,3,110,1,Populated place,1016000,279557,-78.8819479,42.8819241,1404.41739027778,571.0843875,1404,571,-1095.58260972222,-428.9156125,-1096,-429,north_america,1,8.5,8.5,9,4.75,8.7
Cairo,Cairo,Egypt,EGY,0,600,3,Admin-0 capital,11893000,7734614,31.2480224,30.0519062,2934.00031111111,749.279080555555,2934,749,434.000311111111,-250.720919444445,434,-251,north_africa,3.83,4,5,4.5,3.92,4.8
Khartoum,Khartoum,Sudan,SDN,2,200,5,Admin-0 capital,4754000,1974647,32.5322334,15.5900241,2951.836575,950.138554166667,2952,950,451.836575,-49.8614458333333,452,-50,north_africa,1.97,4,5,4.5,2.98,4.8
Alexandria,Alexandria,Egypt,EGY,2,200,3,Populated place,4165000,3811516,29.94805,31.2019652,2915.94513888889,733.306038888889,2916,733,415.945138888889,-266.693961111111,416,-267,north_africa,1.82,4,5,4.5,2.91,4.8
Algiers,Algiers,Algeria,DZA,2,200,5,Admin-0 capital,3354000,1977663,3.0486067,36.7650107,2542.34175972222,656.041518055556,2542,656,42.3417597222219,-343.958481944444,42,-344,north_africa,1.61,4,5,4.5,2.81,4.8
Casablanca,Casablanca,Morocco,MAR,1,300,5,Admin-1 capital,3181000,3144909,-7.6183133,33.6019221,2394.19009305556,699.973304166667,2394,700,-105.809906944445,-300.026695833333,-106,-300,north_africa,1.57,4,5,4.5,2.79,4.8
Giza,El Giza,Egypt,EGY,6,30,3,Populated place,2681863,2681863,31.1900236,30.0099886,2933.19477222222,749.861269444445,2933,750,433.194772222222,-250.138730555556,433,-250,north_africa,1.44,4,5,4.5,2.72,4.8
Tunis,Tunis,Tunisia,TUN,3,110,7,Admin-0 capital,2412500,728453,10.1796781,36.8027781,2641.38441805556,655.516970833333,2641,656,141.384418055556,-344.483029166667,141,-344,north_africa,1.37,4,5,4.5,2.69,4.8
Omdurman,Omdurman,Sudan,SDN,4,50,5,Admin-1 capital,2395159,2183698,32.4800223,15.6166811,2951.11142083333,949.768318055556,2951,950,451.111420833333,-50.2316819444444,451,-50,north_africa,1.36,4,5,4.5,2.68,4.8
Tripoli,Tripoli,Libya,LBY,2,200,7,Admin-0 capital,2189000,229398,13.1800118,32.8925,2683.05571944444,709.826388888889,2683,710,183.055719444444,-290.173611111111,183,-290,north_africa,1.31,4,5,4.5,2.66,4.8
Rabat,Rabat,Morocco,MAR,3,110,5,Admin-0 capital,1705000,1655753,-6.8364082,34.0253073,2405.04988611111,694.092954166667,2405,694,-94.9501138888891,-305.907045833333,-95,-306,north_africa,1.18,4,5,4.5,2.59,4.8
Banghazi,Banghazi,Libya,LBY,3,110,7,Admin-1 capital,1180000,582374,20.0647773,32.1186793,2778.6774625,720.573898611111,2779,721,278.6774625,-279.426101388889,279,-279,north_africa,1.05,4,5,4.5,2.52,4.8
Fez,Fez,Morocco,MAR,3,110,5,Admin-1 capital,1002000,964891,-5.0023231,34.0565455,2430.52329027778,693.659090277778,2431,694,-69.4767097222225,-306.340909722222,-69,-306,north_africa,1,4,5,4.5,2.5,4.8
Karachi,Karachi,Pakistan,PAK,2,200,2,Admin-1 capital,12130000,11624219,66.9880631,24.8719381,3430.38976527778,821.223081944444,3430,821,930.389765277778,-178.776918055556,930,-179,middle_east,3.89,6,7,7.5,4.95,7.2
Istanbul,Istanbul,Turkey,TUR,0,600,5,Admin-1 capital,10061000,9945610,28.9742768167555,41.0176017350725,2902.42051134383,596.977753679549,2902,597,402.420511343827,-403.022246320451,402,-403,middle_east,3.35,6,7,7.5,4.67,7.2
Tehran,Tehran,Iran,IRN,1,300,5,Admin-0 capital,7873000,7153309,51.4223982,35.6738886,3214.199975,671.195991666667,3214,671,714.199975,-328.804008333333,714,-329,middle_east,2.78,6,7,7.5,4.39,7.2
Lahore,Lahore,Pakistan,PAK,2,200,2,Admin-1 capital,6577000,6310888,74.3480789,31.5619174,3532.61220694445,728.306702777778,3533,728,1032.61220694445,-271.693297222222,1033,-272,middle_east,2.45,6,7,7.5,4.22,7.2
Baghdad,Baghdad,Iraq,IRQ,1,300,5,Admin-0 capital,5054000,5054000,44.3919229,33.3405944,3116.55448472222,703.602855555556,3117,704,616.554484722222,-296.397144444444,617,-296,middle_east,2.05,6,7,7.5,4.03,7.2
Riyadh,Riyadh,Saudi Arabia,SAU,0,600,5,Admin-0 capital,4465000,4205961,46.7204870248877,24.6344974748378,3148.89565312344,824.520868405031,3149,825,648.89565312344,-175.479131594969,649,-175,middle_east,1.9,6,7,7.5,3.95,7.2
Ankara,Ankara,Turkey,TUR,2,200,5,Admin-0 capital,3716000,3307379,32.8624458,39.9291844,2956.42285833333,612.094661111111,2956,612,456.422858333333,-387.905338888889,456,-388,middle_east,1.7,6,7,7.5,3.85,7.2
Kabul,Kabul,Afghanistan,AFG,1,300,5,Admin-0 capital,3277000,3043532,69.1813142,34.5186361,3460.85158611111,687.241165277778,3461,687,960.851586111111,-312.758834722222,961,-313,middle_east,1.59,6,7,7.5,3.79,7.2
Tel Aviv,Tel Aviv-Yafo,Israel,ISR,2,200,8,Admin-0 capital alt,3112000,378358,34.7680659,32.0819373,2982.88980416667,721.084204166667,2983,721,482.889804166667,-278.915795833333,483,-279,middle_east,1.55,6,7,7.5,3.77,7.2
Jeddah,Jeddah,Saudi Arabia,SAU,2,200,5,Populated place,3012000,2867446,39.2172517,21.5188353,3044.68405138889,867.793954166667,3045,868,544.684051388889,-132.206045833333,545,-132,middle_east,1.52,6,7,7.5,3.76,7.2
Aleppo,Aleppo,Syria,SYR,2,200,6,Populated place,2738000,1602264,37.1680744,36.2319166,3016.22325555556,663.445602777778,3016,663,516.223255555556,-336.554397222222,516,-337,middle_east,1.45,6,7,7.5,3.73,7.2
Faisalabad,Faisalabad,Pakistan,PAK,6,30,2,Populated place,2617000,2506595,73.1080513,31.4119266,3515.38960138889,730.389908333333,3515,730,1015.38960138889,-269.610091666667,1015,-270,middle_east,1.42,6,7,7.5,3.71,7.2
İzmir,Izmir,Turkey,TUR,4,50,5,Admin-1 capital,2587000,2322818,27.1498482,38.4380955,2877.081225,632.804229166667,2877,633,377.081225,-367.195770833333,377,-367,middle_east,1.41,6,7,7.5,3.71,7.2
Mashhad,Mashhad,Iran,IRN,2,200,5,Admin-1 capital,2469000,2167253,59.5680508,36.2719658,3327.33403888889,662.889363888889,3327,663,827.334038888889,-337.110636111111,827,-337,middle_east,1.38,6,7,7.5,3.69,7.2
Damascus,Damascus,Syria,SYR,2,200,6,Admin-0 capital,2466000,2466000,36.29805,33.5019799,3004.13958333333,701.361390277778,3004,701,504.139583333334,-298.638609722222,504,-299,middle_east,1.38,6,7,7.5,3.69,7.2
Kuwait City,Kuwait City,Kuwait,KWT,2,200,8,Admin-0 capital,2063000,60064,47.9763553,29.3716635,3166.33826805556,758.726895833333,3166,759,666.338268055556,-241.273104166667,666,-241,middle_east,1.28,6,7,7.5,3.64,7.2
Dammam,Ad Damman,Saudi Arabia,SAU,7,20,5,Admin-1 capital,2054710,768602,50.0977245,26.4301376,3195.80172916667,799.581422222222,3196,800,695.801729166667,-200.418577777778,696,-200,middle_east,1.27,6,7,7.5,3.63,7.2
Sanaa,Sanaa,Yemen,YEM,2,200,6,Admin-0 capital,2008000,1835853,44.2046475,15.3566792,3113.9534375,953.379455555556,3114,953,613.9534375,-46.6205444444445,614,-47,middle_east,1.26,6,7,7.5,3.63,7.2
Saidu,Saidu,Pakistan,PAK,6,30,2,Populated place,1860310,1860310,72.3499918,34.7500352,3504.86099722222,684.027288888889,3505,684,1004.86099722222,-315.972711111111,1005,-316,middle_east,1.22,6,7,7.5,3.61,7.2
Rawalpindi,Rawalpindi,Pakistan,PAK,6,30,2,Populated place,1858000,1743101,73.0675020729935,33.5910022945235,3514.82641768047,700.124968131618,3515,700,1014.82641768047,-299.875031868382,1015,-300,middle_east,1.22,6,7,7.5,3.61,7.2
Beirut,Beirut,Lebanon,LBN,3,110,8,Admin-0 capital,1846000,1712125,35.5077624,33.873921,2993.16336666667,696.195541666667,2993,696,493.163366666666,-303.804458333333,493,-304,middle_east,1.22,6,7,7.5,3.61,7.2
Isfahan,Isfahan,Iran,IRN,3,110,5,Admin-1 capital,1628000,1517766,51.6980919,32.7019512,3218.02905416667,712.4729,3218,712,718.029054166667,-287.5271,718,-288,middle_east,1.16,6,7,7.5,3.58,7.2
Multan,Multan,Pakistan,PAK,3,110,2,Populated place,1522000,1437230,71.4530618,30.2019229,3492.40363611111,747.195515277778,3492,747,992.403636111111,-252.804484722222,992,-253,middle_east,1.14,6,7,7.5,3.57,7.2
Gujranwala,Gujranwala,Pakistan,PAK,4,50,2,Populated place,1513000,1384471,74.1830761,32.1623717,3530.32050138889,719.967059722222,3530,720,1030.32050138889,-280.032940277778,1030,-280,middle_east,1.13,6,7,7.5,3.56,7.2
Bursa,Bursa,Turkey,TUR,4,50,5,Admin-1 capital,1492000,1359089,29.0680521,40.2019327,2903.72294583333,608.306490277778,2904,608,403.722945833333,-391.693509722222,404,-392,middle_east,1.13,6,7,7.5,3.56,7.2
Hyderabad,Hyderabad,Pakistan,PAK,3,110,2,Populated place,1459000,1386330,68.3730431,25.3819329,3449.62559861111,814.139820833333,3450,814,949.625598611111,-185.860179166667,950,-186,middle_east,1.12,6,7,7.5,3.56,7.2
Doha,Doha,Qatar,QAT,4,50,8,Admin-0 capital,1450000,731310,51.5329679,25.286556,3215.73566527778,815.4645,3216,815,715.735665277778,-184.5355,716,-185,middle_east,1.12,6,7,7.5,3.56,7.2
Karaj,Karaj,Iran,IRN,7,20,5,Populated place,1423000,1423000,50.968059,35.8023046,3207.88970833333,669.412436111111,3208,669,707.889708333333,-330.587563888889,708,-331,middle_east,1.11,6,7,7.5,3.56,7.2
Tabriz,Tabriz,Iran,IRN,4,50,5,Admin-1 capital,1413000,1196426,46.2993,38.0882374,3143.04583333333,637.663369444445,3143,638,643.045833333333,-362.336630555556,643,-362,middle_east,1.11,6,7,7.5,3.56,7.2
Makkah,Makkah,Saudi Arabia,SAU,2,200,5,Populated place,1385000,1323624,39.8180936,21.4319672,3053.02907777778,869.000455555556,3053,869,553.029077777778,-130.999544444445,553,-131,middle_east,1.1,6,7,7.5,3.55,7.2
Dubai,Dubai,United Arab Emirates,ARE,1,300,8,Admin-1 capital,1379000,1137347,55.2869456135425,25.2149118937123,3267.87424463253,816.459557031774,3268,816,767.874244632534,-183.540442968226,768,-184,middle_east,1.1,6,7,7.5,3.55,7.2
Mosul,Mosul,Iraq,IRQ,4,50,5,Admin-1 capital,1316000,1140934,43.1430586,36.3469483,3099.20914722222,661.847940277778,3099,662,599.209147222223,-338.152059722222,599,-338,middle_east,1.08,6,7,7.5,3.54,7.2
Peshawar,Peshawar,Pakistan,PAK,3,110,2,Admin-1 capital,1303000,1218773,71.5330569,34.006962,3493.51467916667,694.34775,3494,694,993.514679166667,-305.65225,994,-306,middle_east,1.08,6,7,7.5,3.54,7.2
Adana,Adana,Turkey,TUR,4,50,5,Admin-1 capital,1293000,1197890,35.3180582,36.9969345,2990.52858611111,652.820354166667,2991,653,490.528586111111,-347.179645833333,491,-347,middle_east,1.08,6,7,7.5,3.54,7.2
Shiraz,Shiraz,Iran,IRN,3,110,5,Admin-1 capital,1240000,1240000,52.5680647,29.631906,3230.11200972222,755.112416666667,3230,755,730.112009722222,-244.887583333333,730,-245,middle_east,1.06,6,7,7.5,3.53,7.2
Abbottabad,Abbottabad,Pakistan,PAK,8,10,2,Populated place,1183647,881000,73.1995007,34.1495034,3516.65973194444,692.368008333333,3517,692,1016.65973194444,-307.631991666667,1017,-308,middle_east,1.05,6,7,7.5,3.52,7.2
Sharjah,Sharjah,United Arab Emirates,ARE,8,10,8,Admin-1 capital,1103027,801004,55.4064782,25.3713829,3269.53441944444,814.286348611111,3270,814,769.534419444445,-185.713651388889,770,-186,middle_east,1.03,6,7,7.5,3.52,7.2
Amman,Amman,Jordan,JOR,3,110,8,Admin-0 capital,1060000,1060000,35.9313541,31.9519711,2999.04658472222,722.889290277778,2999,723,499.046584722222,-277.110709722222,499,-277,middle_east,1.02,6,7,7.5,3.51,7.2
Gaziantep,Gaziantep,Turkey,TUR,6,30,5,Admin-1 capital,1044000,842524,37.3830484,37.0769296,3019.20900555556,651.709311111111,3019,652,519.209005555555,-348.290688888889,519,-348,middle_east,1.01,6,7,7.5,3.5,7.2
Jerusalem,Jerusalem,Israel,ISR,3,110,0,Admin-0 capital,1029300,801000,35.2066259,31.7784078,2988.98091527778,725.299891666667,2989,725,488.980915277778,-274.700108333333,489,-275,middle_east,1.01,6,7,7.5,3.5,7.2
Haifa,Haifa,Israel,ISR,7,20,8,Admin-1 capital,1011000,267300,34.9780789,32.8223573,2985.80665138889,710.800593055556,2986,711,485.806651388889,-289.199406944445,486,-289,middle_east,1,6,7,7.5,3.5,7.2
Medina,Medina,Saudi Arabia,SAU,4,50,5,Admin-1 capital,1010000,1010000,39.5780565,24.5019349,3049.69522916667,826.362015277778,3050,826,549.695229166667,-173.637984722222,550,-174,middle_east,1,6,7,7.5,3.5,7.2
Homs,Hims,Syria,SYR,6,30,6,Populated place,1005000,775404,36.7180761,34.7319048,3009.97327916667,684.2791,3010,684,509.973279166667,-315.7209,510,-316,middle_east,1,6,7,7.5,3.5,7.2
Aden,Aden,Yemen,YEM,3,110,6,Admin-1 capital,1000000,550602,45.0094901,12.7797225,3125.13180694444,989.170520833333,3125,989,625.131806944445,-10.8294791666667,625,-11,middle_east,1,6,7,7.5,3.5,7.2
Tokyo,Tokyo,Japan,JPN,0,600,2,Admin-0 capital,35676000,8336599,139.7494616,35.6869628,4440.96474444444,671.014405555556,4441,671,1940.96474444444,-328.985594444445,1941,-329,east_asia,10,9,8,8.5,9.5,8.2
Ōsaka,Osaka,Japan,JPN,1,300,2,Admin-1 region capital,11294000,2592413,135.503754190062,34.6910952444779,4381.99658597309,684.845899382251,4382,685,1881.99658597309,-315.154100617749,1882,-315,east_asia,3.67,9,8,8.5,6.33,8.2
Seoul,Seoul,South Korea,KOR,1,300,3,Admin-0 capital,9796000,9796000,126.9977851,37.568295,4263.85812638889,644.884791666667,4264,645,1763.85812638889,-355.115208333333,1764,-355,east_asia,3.28,9,8,8.5,6.14,8.2
Taipei,Taipei,Taiwan,TWN,1,300,8,Admin-0 capital,6900273,2618772,121.5683333,25.0358333,4188.44907361111,818.946759722222,4188,819,1688.44907361111,-181.053240277778,1688,-181,east_asia,2.53,9,8,8.5,5.76,8.2
New Taipei,New Taipei,Taiwan,TWN,5,30,8,Admin-1 capital,3893740,1750000,121.465,25.0127778,4187.01388888889,819.266975,4187,819,1687.01388888889,-180.733025,1687,-181,east_asia,1.75,9,8,8.5,5.38,8.2
Yokohama,Yokohama,Japan,JPN,6,30,2,Admin-1 capital,3697894,3697894,139.602021,35.4306562,4438.91695833333,674.574219444445,4439,675,1938.91695833333,-325.425780555556,1939,-325,east_asia,1.7,9,8,8.5,5.35,8.2
Busan,Busan,South Korea,KOR,4,50,3,Admin-1 capital,3480000,3480000,129.0081017,35.0969988,4291.77919027778,679.20835,4292,679,1791.77919027778,-320.79165,1792,-321,east_asia,1.64,9,8,8.5,5.32,8.2
Pyongyang,Pyongyang,North Korea,PRK,2,200,6,Admin-0 capital,3300000,2498797,125.7527449,39.0213846,4246.56590138889,624.702991666667,4247,625,1746.56590138889,-375.297008333333,1747,-375,east_asia,1.6,9,8,8.5,5.3,8.2
Nagoya,Nagoya,Japan,JPN,4,50,2,Admin-1 region capital,3230000,2191279,136.9130456,35.1569434,4401.57007777778,678.375786111111,4402,678,1901.57007777778,-321.624213888889,1902,-322,east_asia,1.58,9,8,8.5,5.29,8.2
Fukuoka,Fukuoka,Japan,JPN,4,50,2,Admin-1 region capital,2792000,1392289,130.4080679,33.5969611,4311.22316527778,700.042206944444,4311,700,1811.22316527778,-299.957793055556,1811,-300,east_asia,1.47,9,8,8.5,5.24,8.2
Kaohsiung,Kaohsiung,Taiwan,TWN,3,110,8,Admin-1 capital,2769072,1519711,120.2666019,22.6333071,4170.36947083333,852.315179166667,4170,852,1670.36947083333,-147.684820833333,1670,-148,east_asia,1.46,9,8,8.5,5.23,8.2
Taichung,Taichung,Taiwan,TWN,4,50,8,Admin-1 capital,2629323,1040725,120.681667,24.1520775,4176.13426388889,831.221145833333,4176,831,1676.13426388889,-168.778854166667,1676,-169,east_asia,1.42,9,8,8.5,5.21,8.2
Incheon,Incheon,South Korea,KOR,4,50,3,Admin-1 capital,2550000,2550000,126.6402876,37.4780937,4258.89288333333,646.1375875,4259,646,1758.89288333333,-353.8624125,1759,-354,east_asia,1.4,9,8,8.5,5.2,8.2
Sapporo,Sapporo,Japan,JPN,2,200,2,Admin-1 region capital,2544000,1861786,141.3380985,43.0769251,4463.02914583333,568.376040277778,4463,568,1963.02914583333,-431.623959722222,1963,-432,east_asia,1.4,9,8,8.5,5.2,8.2
Daegu,Daegu,South Korea,KOR,6,30,3,Admin-1 capital,2460000,2460000,128.6050255,35.8687346,4286.18090972222,668.489797222222,4286,668,1786.18090972222,-331.510202777778,1786,-332,east_asia,1.38,9,8,8.5,5.19,8.2
Sendai,Sendai,Japan,JPN,4,50,2,Admin-1 region capital,2250000,1037562,140.869666855368,38.2684409197744,4456.523150769,635.160542780911,4457,635,1956.523150769,-364.839457219089,1957,-365,east_asia,1.32,9,8,8.5,5.16,8.2
Hiroshima,Hiroshima,Japan,JPN,2,200,2,Admin-1 region capital,2045000,1143841,132.4409671,34.389781,4339.45787638889,689.030819444444,4339,689,1839.45787638889,-310.969180555556,1839,-311,east_asia,1.27,9,8,8.5,5.13,8.2
Tainan,Tainan,Taiwan,TWN,6,30,8,Admin-1 capital,1876312,762000,120.2000427,23.0000031,4169.4450375,847.222179166667,4169,847,1669.4450375,-152.777820833333,1669,-153,east_asia,1.23,9,8,8.5,5.12,8.2
Kyoto,Kyoto,Japan,JPN,4,50,2,Admin-0 capital alt,1805000,1459640,135.7480521,35.0319381,4385.3896125,680.111970833333,4385,680,1885.3896125,-319.888029166667,1885,-320,east_asia,1.21,9,8,8.5,5.11,8.2
Zhongli,Zhongli,Taiwan,TWN,7,10,8,Populated place,1632616,369770,121.2167765,24.9650252,4183.56634027778,819.930205555556,4184,820,1683.56634027778,-180.069794444444,1684,-180,east_asia,1.16,9,8,8.5,5.08,8.2
Kōbe,Kobe,Japan,JPN,6,30,2,Admin-1 capital,1528478,1528478,135.1699816,34.6799878,4377.36085555556,685.000169444444,4377,685,1877.36085555556,-314.999830555556,1877,-315,east_asia,1.14,9,8,8.5,5.07,8.2
Daejeon,Daejeon,South Korea,KOR,4,50,3,Admin-1 capital,1468000,1448330,127.4230822,36.3374915,4269.76503055556,661.979284722222,4270,662,1769.76503055556,-338.020715277778,1770,-338,east_asia,1.12,9,8,8.5,5.06,8.2
Gwangju,Gwangju,South Korea,KOR,4,50,3,Admin-1 capital,1440000,1416938,126.9084883,35.1729115,4262.61789305556,678.154006944445,4263,678,1762.61789305556,-321.845993055556,1763,-322,east_asia,1.11,9,8,8.5,5.05,8.2
Kawasaki,Kawasaki,Japan,JPN,8,10,2,Populated place,1437266,1306785,139.705002,35.5299876,4440.34725,673.194616666667,4440,673,1940.34725,-326.805383333333,1940,-327,east_asia,1.11,9,8,8.5,5.05,8.2
Nampo,Nampo,North Korea,PRK,6,30,6,Admin-1 capital,1127000,455000,125.450488,38.7688666,4242.36788888889,628.210186111111,4242,628,1742.36788888889,-371.789813888889,1742,-372,east_asia,1.03,9,8,8.5,5.01,8.2
Changwon,Changwon,South Korea,KOR,8,10,3,Populated place,1081499,1081499,128.583562,35.2191022,4285.88280555556,677.512469444444,4286,678,1785.88280555556,-322.487530555556,1786,-322,east_asia,1.02,9,8,8.5,5.01,8.2
Suwon,Suwon,South Korea,KOR,6,30,3,Admin-1 capital,1078000,1078000,127.0089472,37.259735,4264.01315555556,649.170347222222,4264,649,1764.01315555556,-350.829652777778,1764,-351,east_asia,1.02,9,8,8.5,5.01,8.2
Ulsan,Ulsan,South Korea,KOR,6,30,3,Admin-1 capital,1061000,962865,129.315008,35.5486766,4296.04177777778,672.935047222222,4296,673,1796.04177777778,-327.064952777778,1796,-327,east_asia,1.02,9,8,8.5,5.01,8.2
Mumbai,Mumbai,India,IND,0,600,1,Admin-1 capital,18978000,12691836,72.8758393972653,19.0684084752917,3512.16443607313,901.827660065393,3512,902,1012.16443607313,-98.1723399346066,1012,-98,india,5.67,6,5.5,6,5.83,5.7
Delhi,Delhi,India,IND,2,200,1,Populated place,15926000,7633213,77.2280582,28.6719388,3572.61191944445,768.445294444445,3573,768,1072.61191944445,-231.554705555556,1073,-232,india,4.87,6,5.5,6,5.44,5.7
Kolkata,Kolkata,India,IND,0,600,1,Admin-1 capital,14787000,4631392,88.3691255044389,22.5695788837958,3727.34896533943,853.200293280614,3727,853,1227.34896533943,-146.799706719386,1227,-147,india,4.58,6,5.5,6,5.29,5.7
Dhaka,Dhaka,Bangladesh,BGD,2,200,2,Admin-0 capital,12797394,7000940,90.4066336,23.7250056,3755.64768888889,837.1527,3756,837,1255.64768888889,-162.8473,1256,-163,india,4.06,6,5.5,6,5.03,5.7
Chennai,Chennai,India,IND,2,200,1,Admin-1 capital,7163000,4328063,80.2780529,13.0919337,3614.97295694445,984.834254166667,3615,985,1114.97295694444,-15.1657458333333,1115,-15,india,2.6,6,5.5,6,4.3,5.7
Bengaluru,Bengaluru,India,IND,1,300,1,Admin-1 capital,6787000,5104047,77.5580639,12.971941,3577.19533194444,986.500819444444,3577,987,1077.19533194444,-13.4991805555555,1077,-13,india,2.5,6,5.5,6,4.25,5.7
Hyderabad,Hyderabad,India,IND,2,200,1,Admin-1 capital,6376000,3597816,78.4780077,17.401929,3589.97232916667,924.973208333333,3590,925,1089.97232916667,-75.0267916666666,1090,-75,india,2.4,6,5.5,6,4.2,5.7
Amaravati,Amaravati,India,IND,4,50,50,Admin-1 capital,5800000,103000,80.5243200101075,16.533657954486,3618.39333347372,937.032528409917,3618,937,1118.39333347371,-62.9674715900832,1118,-63,india,2.25,6,5.5,6,4.12,5.7
Ahmedabad,Ahmedabad,India,IND,2,200,1,Populated place,5375000,3719710,72.5780578,23.0319988,3508.02858055556,846.777794444445,3508,847,1008.02858055556,-153.222205555556,1008,-153,india,2.14,6,5.5,6,4.07,5.7
Haora,Haora,India,IND,7,20,1,Populated place,4841638,1027672,88.318516416978,22.5846976018438,3726.64606134692,852.990311085503,3727,853,1226.64606134692,-147.009688914497,1227,-147,india,2,6,5.5,6,4,5.7
Pune,Pune,India,IND,2,200,1,Populated place,4672000,2935744,73.8518917467492,18.5163942299266,3525.72071870485,909.494524584353,3526,909,1025.72071870485,-90.5054754156471,1026,-91,india,1.95,6,5.5,6,3.98,5.7
Chattogram,Chattogram,Bangladesh,BGD,2,200,2,Admin-1 capital,4529000,3920222,91.7980215,22.3319381,3774.97252083333,856.500859722222,3775,857,1274.97252083333,-143.499140277778,1275,-143,india,1.92,6,5.5,6,3.96,5.7
Surat,Surat,India,IND,2,200,1,Populated place,3842000,2894504,72.8380936,21.2019296,3511.64018888889,872.195422222222,3512,872,1011.64018888889,-127.804577777778,1012,-128,india,1.74,6,5.5,6,3.87,5.7
Kanpur,Kanpur,India,IND,2,200,1,Populated place,3162000,2823249,80.3180504,26.4619445,3615.52847777778,799.139659722222,3616,799,1115.52847777778,-200.860340277778,1116,-201,india,1.56,6,5.5,6,3.78,5.7
Jaipur,Jaipur,India,IND,2,200,1,Admin-1 capital,2917000,2711758,75.8080415,26.9230791,3552.88946527778,792.7350125,3553,793,1052.88946527778,-207.2649875,1053,-207,india,1.5,6,5.5,6,3.75,5.7
Lucknow,Lucknow,India,IND,4,50,1,Admin-1 capital,2695000,2472011,80.9130529,26.8569849,3623.79240138889,793.6529875,3624,794,1123.79240138889,-206.3470125,1124,-206,india,1.44,6,5.5,6,3.72,5.7
Nagpur,Nagpur,India,IND,2,200,1,Populated place,2454000,2228018,79.088048,21.1719056,3598.44511111111,872.612422222222,3598,873,1098.44511111111,-127.387577777778,1098,-127,india,1.38,6,5.5,6,3.69,5.7
Patna,Patna,India,IND,2,200,1,Admin-1 capital,2158000,1599920,85.1280928,25.626905,3682.33462222222,810.737430555556,3682,811,1182.33462222222,-189.262569444444,1182,-189,india,1.3,6,5.5,6,3.65,5.7
Indore,Indore,India,IND,4,50,1,Populated place,2026000,1837041,75.8630769,22.7170051,3553.65384583333,851.152706944445,3554,851,1053.65384583333,-148.847293055556,1054,-149,india,1.27,6,5.5,6,3.63,5.7
Vadodara,Vadodara,India,IND,4,50,1,Populated place,1756000,1409476,73.1780728,22.3119652,3516.36212222222,856.778261111111,3516,857,1016.36212222222,-143.221738888889,1016,-143,india,1.2,6,5.5,6,3.6,5.7
Bhopal,Bhopal,India,IND,3,110,1,Admin-1 capital,1727000,1599914,77.4080472,23.2519337,3575.11176666667,843.723143055556,3575,844,1075.11176666667,-156.276856944444,1075,-156,india,1.19,6,5.5,6,3.59,5.7
Coimbatore,Coimbatore,India,IND,3,110,1,Populated place,1696000,959823,76.9480753,11.0019062,3568.72326805556,1013.86241388889,3569,1014,1068.72326805556,13.8624138888888,1069,14,india,1.18,6,5.5,6,3.59,5.7
Ludhiana,Ludhiana,India,IND,4,50,1,Populated place,1649000,1545368,75.8703116,30.9297079,3553.75432777778,737.087390277778,3554,737,1053.75432777778,-262.912609722222,1054,-263,india,1.17,6,5.5,6,3.58,5.7
Agra,Agra,India,IND,4,50,1,Populated place,1592000,1430055,78.0130749,27.1723662,3583.51492916667,789.272691666667,3584,789,1083.51492916667,-210.727308333333,1084,-211,india,1.15,6,5.5,6,3.58,5.7
Kalyan,Kalyan,India,IND,8,10,1,Populated place,1576614,1576614,73.1601749,19.250232,3516.11354027778,899.302333333333,3516,899,1016.11354027778,-100.697666666667,1016,-101,india,1.15,6,5.5,6,3.58,5.7
Khulna,Khulna,Bangladesh,BGD,4,50,2,Admin-1 capital,1553000,1342339,89.5580549,22.8419329,3743.86187361111,849.417598611111,3744,849,1243.86187361111,-150.582401388889,1244,-151,india,1.14,6,5.5,6,3.57,5.7
Vishakhapatnam,Vishakhapatnam,India,IND,3,110,1,Populated place,1529000,1063178,83.2198484616253,17.6829031615022,3655.83122863369,921.070789423581,3656,921,1155.83122863369,-78.929210576419,1156,-79,india,1.14,6,5.5,6,3.57,5.7
Kochi,Kochi,India,IND,4,50,1,Populated place,1519000,604696,76.2219697,10.0169534,3558.63846805556,1027.54231388889,3559,1028,1058.63846805556,27.5423138888889,1059,28,india,1.13,6,5.5,6,3.56,5.7
Nasik,Nasik,India,IND,4,50,1,Populated place,1473000,1289497,73.7780362,20.0023646,3524.69494722222,888.856047222222,3525,889,1024.69494722222,-111.143952777778,1025,-111,india,1.12,6,5.5,6,3.56,5.7
Meerut,Meerut,India,IND,4,50,1,Populated place,1398000,1223184,77.6980553,29.0023579,3579.13965694444,763.856140277778,3579,764,1079.13965694444,-236.143859722222,1079,-236,india,1.1,6,5.5,6,3.55,5.7
Faridabad,Faridabad,India,IND,4,50,1,Populated place,1394000,1394000,77.3147208,28.4352792,3573.81556666667,771.732233333333,3574,772,1073.81556666667,-228.267766666667,1074,-228,india,1.1,6,5.5,6,3.55,5.7
Varanasi,Varanasi,India,IND,3,110,1,Populated place,1352000,1164404,82.9980936,25.3319359,3652.7513,814.834223611111,3653,815,1152.7513,-185.165776388889,1153,-185,india,1.09,6,5.5,6,3.54,5.7
Ghaziabad,Ghaziabad,India,IND,4,50,1,Populated place,1341000,1199191,77.4064452,28.6623269,3575.08951666667,768.578793055556,3575,769,1075.08951666667,-231.421206944444,1075,-231,india,1.09,6,5.5,6,3.54,5.7
Asansol,Asansol,India,IND,3,110,1,Populated place,1328000,1328000,86.9813874,23.6852792,3708.074825,837.704455555556,3708,838,1208.074825,-162.295544444444,1208,-162,india,1.09,6,5.5,6,3.54,5.7
Jamshedpur,Jamshedpur,India,IND,3,110,1,Populated place,1300000,616338,86.1955728,22.7894813,3697.16073333333,850.146093055556,3697,850,1197.16073333333,-149.853906944444,1197,-150,india,1.08,6,5.5,6,3.54,5.7
Madurai,Madurai,India,IND,3,110,1,Populated place,1294000,909908,78.1180814,9.9219721,3584.97335277778,1028.86149861111,3585,1029,1084.97335277778,28.8614986111111,1085,29,india,1.08,6,5.5,6,3.54,5.7
Jabalpur,Jabalpur,India,IND,4,50,1,Populated place,1285000,1030168,79.9531115,23.1770028,3610.45988194444,844.76385,3610,845,1110.45988194444,-155.23615,1110,-155,india,1.07,6,5.5,6,3.54,5.7
Rajkot,Rajkot,India,IND,4,50,1,Populated place,1260000,1099882,70.7980631,22.3119652,3483.30643194444,856.778261111111,3483,857,983.306431944444,-143.221738888889,983,-143,india,1.07,6,5.5,6,3.54,5.7
Dhanbad,Dhanbad,India,IND,4,50,1,Populated place,1246000,219636,86.4180399,23.8023394,3700.25055416667,836.078619444444,3700,836,1200.25055416667,-163.921380555556,1200,-164,india,1.06,6,5.5,6,3.53,5.7
Amritsar,Amritsar,India,IND,3,110,1,Populated place,1212000,1092450,74.8680472,31.6419384,3539.83398888889,727.1953,3540,727,1039.83398888889,-272.8047,1040,-273,india,1.06,6,5.5,6,3.53,5.7
Warangal,Warangal,India,IND,6,30,1,Populated place,1203853,865527,79.5799898,18.0099976,3605.27763611111,916.527811111111,3605,917,1105.27763611111,-83.4721888888887,1105,-83,india,1.05,6,5.5,6,3.52,5.7
Allahabad,Allahabad,India,IND,4,50,1,Populated place,1201000,1073438,81.838061,25.4569412,3636.63973611111,813.098038888889,3637,813,1136.63973611111,-186.901961111111,1137,-187,india,1.05,6,5.5,6,3.52,5.7
Srinagar,Srinagar,India,IND,4,50,1,Admin-1 capital,1140000,975857,74.8283091098122,34.0694738746454,3539.28207096961,693.479529518815,3539,693,1039.28207096961,-306.520470481186,1039,-307,india,1.04,6,5.5,6,3.52,5.7
Vijayawada,Vijayawada,India,IND,4,50,1,Populated place,1137000,874587,80.6280574,16.5219052,3619.83413055556,937.195761111111,3620,937,1119.83413055556,-62.8042388888888,1120,-63,india,1.04,6,5.5,6,3.52,5.7
Aurangabad,Aurangabad,India,IND,4,50,1,Populated place,1113000,1016441,75.3289483192487,19.8616862101863,3546.2353933229,890.809913747413,3546,891,1046.2353933229,-109.190086252587,1046,-109,india,1.03,6,5.5,6,3.52,5.7
Bhilai,Bhilai,India,IND,3,110,1,Populated place,1097000,1097000,81.3722129528492,21.2112619618775,3630.16962434513,872.065806085035,3630,872,1130.16962434513,-127.934193914965,1130,-128,india,1.03,6,5.5,6,3.52,5.7
Sholapur,Sholapur,India,IND,4,50,1,Populated place,1057000,961112,75.8980618,17.6723518,3554.13974722222,921.217336111111,3554,921,1054.13974722222,-78.7826638888889,1054,-79,india,1.01,6,5.5,6,3.5,5.7
Ranchi,Ranchi,India,IND,4,50,1,Admin-1 capital,1044000,846454,85.3280805,23.3719522,3685.11222916667,842.056219444445,3685,842,1185.11222916667,-157.943780555555,1185,-158,india,1.01,6,5.5,6,3.5,5.7
Athens,Athens,Greece,GRC,1,300,6,Admin-0 capital,3242000,729137,23.7313752,37.9852721,2829.60243333333,639.093443055555,2830,639,329.602433333333,-360.906556944445,330,-361,eastern_europe,1.58,6,6.5,5.5,3.79,6.1
Katowice,Katowice,Poland,POL,7,20,5,Admin-1 capital,2746000,308724,19.020017,50.2603805,2764.16690277778,468.605826388889,2764,469,264.166902777778,-531.394173611111,264,-531,eastern_europe,1.45,6,6.5,5.5,3.73,6.1
Kyiv,Kiev,Ukraine,UKR,1,300,5,Admin-0 capital,2709000,1662508,30.5146821,50.4353132,2923.81502916667,466.176205555556,2924,466,423.815029166667,-533.823794444445,424,-534,eastern_europe,1.44,6,6.5,5.5,3.72,6.1
Bucharest,Bucharest,Romania,ROU,2,200,6,Admin-0 capital,1942000,1742194,26.0980008,44.4353177,2862.47223333333,549.509476388889,2862,550,362.472233333333,-450.490523611111,362,-450,eastern_europe,1.24,6,6.5,5.5,3.62,6.1
Minsk,Minsk,Belarus,BLR,3,110,6,Admin-0 capital,1805000,1577138,27.5646813,53.9019233,2882.84279583333,418.028843055556,2883,418,382.842795833333,-581.971156944444,383,-582,eastern_europe,1.21,6,6.5,5.5,3.6,6.1
Warsaw,Warsaw,Poland,POL,2,200,5,Admin-0 capital,1707000,1702139,21.0053467377423,52.2308719735395,2791.74092691309,441.237889256396,2792,441,291.740926913087,-558.762110743604,292,-559,eastern_europe,1.18,6,6.5,5.5,3.59,6.1
Budapest,Budapest,Hungary,HUN,2,200,6,Admin-0 capital,1679000,1679000,19.0813748,47.5019522,2765.01909444444,506.917330555556,2765,507,265.019094444444,-493.082669444444,265,-493,eastern_europe,1.18,6,6.5,5.5,3.59,6.1
Kharkiv,Kharkiv,Ukraine,UKR,4,50,5,Admin-1 capital,1461000,1215127,36.2480789,50.0019288,3003.44554027778,472.195433333333,3003,472,503.445540277778,-527.804566666667,503,-528,eastern_europe,1.12,6,6.5,5.5,3.56,6.1
Sofia,Sofia,Bulgaria,BGR,3,110,7,Admin-0 capital,1185000,874827,23.3147082,42.6852953,2823.81539166667,573.815343055556,2824,574,323.815391666667,-426.184656944445,324,-426,eastern_europe,1.05,6,6.5,5.5,3.52,6.1
Prague,Prague,Czechia,CZE,2,200,7,Admin-0 capital,1162000,2087,14.4229394862039,50.0869665373215,2700.31860397505,471.014353648312,2700,471,200.318603975054,-528.985646351688,200,-529,eastern_europe,1.04,6,6.5,5.5,3.52,6.1
Belgrade,Belgrade,Serbia,SRB,3,110,8,Admin-0 capital,1099000,1099000,20.4660448,44.8205913,2784.25062222222,544.158454166667,2784,544,284.250622222222,-455.841545833333,284,-456,eastern_europe,1.03,6,6.5,5.5,3.52,6.1
Dnipro,Dnipro,Ukraine,UKR,4,50,5,Admin-1 capital,1050000,848849,34.9980777,48.4819182,2986.0844125,493.306691666667,2986,493,486.0844125,-506.693308333333,486,-507,eastern_europe,1.01,6,6.5,5.5,3.5,6.1
Addis Ababa,Addis Ababa,Ethiopia,ETH,1,300,3,Admin-0 capital,3100000,2757729,38.6980586,9.0352562,3037.47303611111,1041.17699722222,3037,1041,537.473036111112,41.1769972222223,537,41,east_africa,1.55,3.5,3.5,3.5,2.52,3.5
Nairobi,Nairobi,Kenya,KEN,0,600,5,Admin-0 capital,3010000,2750547,36.814711,-1.2814009,3011.31543055556,1184.46390138889,3011,1184,511.315430555555,184.463901388889,511,184,east_africa,1.52,3.5,3.5,3.5,2.51,3.5
Dar es Salaam,Dar es Salaam,Tanzania,TZA,2,200,5,Admin-0 capital,2930000,2698652,39.266396,-6.7980667,3045.36661111111,1261.08425972222,3045,1261,545.366611111111,261.084259722222,545,261,east_africa,1.5,3.5,3.5,3.5,2.5,3.5
Kampala,Kampala,Uganda,UGA,3,110,5,Admin-0 capital,1420000,1353189,32.5813777,0.3186048,2952.51913472222,1162.2416,2953,1162,452.519134722222,162.2416,453,162,east_africa,1.11,3.5,3.5,3.5,2.31,3.5
Mogadishu,Mogadishu,Somalia,SOM,3,110,8,Admin-0 capital,1100000,875388,45.3647318,2.0686272,3130.06571944444,1137.93573333333,3130,1138,630.065719444445,137.935733333333,630,138,east_africa,1.03,3.5,3.5,3.5,2.27,3.5
Shanghai,Shanghai,China,CHN,0,600,1,Admin-1 capital,14987000,14608512,121.4345588,31.2183983,4186.59109444445,733.077801388889,4187,733,1686.59109444445,-266.922198611111,1687,-267,china,4.63,8.5,9,8,6.56,8.6
Beijing,Beijing,China,CHN,0,600,1,Admin-0 capital,11106000,7480601,116.394200892606,39.9017203098627,4116.58612350842,612.476106807463,4117,612,1616.58612350842,-387.523893192537,1617,-388,china,3.62,8.5,9,8,6.06,8.6
Guangzhou,Guangzhou,China,CHN,2,200,1,Admin-1 capital,8829000,3152825,113.261785167129,23.124723432967,4073.08034954346,845.489952319904,4073,845,1573.08034954346,-154.510047680096,1573,-155,china,3.03,8.5,9,8,5.76,8.6
Shenzhen,Shenzhen,China,CHN,2,200,1,Populated place,7581000,1002592,114.061153518963,22.5480970741233,4084.18268776337,853.498651748287,4084,853,1584.18268776337,-146.501348251713,1584,-147,china,2.71,8.5,9,8,5.61,8.6
Wuhan,Wuhan,China,CHN,2,200,1,Admin-1 capital,7243000,4184206,114.2680712,30.5819772,4087.05654444444,741.916983333333,4087,742,1587.05654444444,-258.083016666667,1587,-258,china,2.62,8.5,9,8,5.56,8.6
Hong Kong,Hong Kong,Hong Kong S.A.R.,HKG,0,600,0,Admin-0 region capital,7206000,4551579,114.1830635,22.3069268,4085.87588194444,856.848238888889,4086,857,1585.87588194444,-143.151761111111,1586,-143,china,2.61,8.5,9,8,5.55,8.6
Tianjin,Tianjin,China,CHN,2,200,1,Admin-1 capital,7180000,3766207,117.196607282088,39.0827717619797,4127.73065669567,623.850392194727,4128,624,1627.73065669567,-376.149607805274,1628,-376,china,2.6,8.5,9,8,5.55,8.6
Chongqing,Chongqing,China,CHN,2,200,1,Admin-1 capital,6461000,3967028,106.5930358,29.5669229,3980.45883055556,756.014959722222,3980,756,1480.45883055556,-243.985040277778,1480,-244,china,2.42,8.5,9,8,5.46,8.6
Shenyeng,Shenyeng,China,CHN,2,200,1,Admin-1 capital,4787000,3512192,123.4480277,41.8069251,4214.55594027778,586.014929166667,4215,586,1714.55594027778,-413.985070833333,1715,-414,china,1.98,8.5,9,8,5.24,8.6
Dongguan,Dongguan,China,CHN,2,200,1,Populated place,4528000,4528000,113.750474065477,23.021537388508,4079.86769535385,846.923091826278,4080,847,1579.86769535385,-153.076908173722,1580,-153,china,1.92,8.5,9,8,5.21,8.6
Chengdu,Chengdu,China,CHN,1,300,1,Admin-1 capital,4123000,3950437,104.0680736,30.6719459,3945.38991111111,740.667418055556,3945,741,1445.38991111111,-259.332581944444,1445,-259,china,1.81,8.5,9,8,5.16,8.6
Xian,Xian,China,CHN,2,200,1,Admin-1 capital,4009000,3225812,108.8930504,34.2769713,4012.40347777778,690.597620833333,4012,691,1512.40347777778,-309.402379166667,1512,-309,china,1.78,8.5,9,8,5.14,8.6
Hechi,Hechi,China,CHN,7,20,1,Populated place,3830000,2720379,108.082999504014,24.6952521342519,4001.15277088909,823.677053690945,4001,824,1501.15277088909,-176.322946309055,1501,-176,china,1.73,8.5,9,8,5.12,8.6
Nanjing,Nanjing,China,CHN,2,200,1,Admin-1 capital,3679000,3087010,118.7780285,32.051965,4149.69484027778,721.500486111111,4150,722,1649.69484027778,-278.499513888889,1650,-278,china,1.7,8.5,9,8,5.1,8.6
Guiyang,Guiyang,China,CHN,2,200,1,Admin-1 capital,3662000,1171633,106.7180928,26.5819888,3982.19573333333,797.472377777778,3982,797,1482.19573333333,-202.527622222222,1482,-203,china,1.69,8.5,9,8,5.09,8.6
Harbin,Harbin,China,CHN,2,200,1,Admin-1 capital,3621000,3229883,126.648039,45.7519298,4259.00054166667,531.223197222222,4259,531,1759.00054166667,-468.776802777778,1759,-469,china,1.68,8.5,9,8,5.09,8.6
Ürümqi,Urumqi,China,CHN,1,300,1,Admin-1 capital,3575000,1508225,87.5730598,43.8069581,3716.29249722222,558.236693055556,3716,558,1216.29249722222,-441.763306944445,1216,-442,china,1.67,8.5,9,8,5.08,8.6
Zhangzhou,Zhangzhou,China,CHN,7,20,1,Populated place,3531147,1338452,117.6700162,24.5203754,4134.30578055556,826.105897222222,4134,826,1634.30578055556,-173.894102777778,1634,-174,china,1.66,8.5,9,8,5.08,8.6
Changchun,Changchun,China,CHN,2,200,1,Admin-1 capital,3183000,2537421,125.3380415,43.8669544,4240.80613194445,557.403411111111,4241,557,1740.80613194445,-442.596588888889,1741,-443,china,1.57,8.5,9,8,5.04,8.6
Dalian,Dalian,China,CHN,4,50,1,Populated place,3167000,2035307,121.627885,38.9247843,4189.27618055556,626.0446625,4189,626,1689.27618055556,-373.9553375,1689,-374,china,1.56,8.5,9,8,5.03,8.6
Zibo,Zibo,China,CHN,2,200,1,Populated place,3061000,669770,117.996459575714,36.8213645764804,4138.83971632937,655.258825326662,4139,655,1638.83971632937,-344.741174673338,1639,-345,china,1.53,8.5,9,8,5.01,8.6
Hangzhou,Hangzhou,China,CHN,2,200,1,Admin-1 capital,3007000,1878129,120.1680728,30.2519198,4169.00101111111,746.501113888889,4169,747,1669.00101111111,-253.498886111111,1669,-253,china,1.52,8.5,9,8,5.01,8.6
Kunming,Kunming,China,CHN,2,200,1,Admin-1 capital,2931000,1023674,102.697439772287,25.0428590731049,3926.35333017066,818.84917954021,3926,819,1426.35333017066,-181.15082045979,1426,-181,china,1.5,8.5,9,8,5,8.6
Taiyuan,Taiyuan,China,CHN,2,200,1,Admin-1 capital,2913000,2722475,112.5431119,37.8769583,4063.09877638889,640.597801388889,4063,641,1563.09877638889,-359.402198611111,1563,-359,china,1.5,8.5,9,8,5,8.6
Qingdao,Qingdao,China,CHN,4,50,1,Populated place,2866000,1642245,120.3280631,36.0919251,4171.22309861111,665.389929166667,4171,665,1671.22309861111,-334.610070833333,1671,-335,china,1.48,8.5,9,8,4.99,8.6
Jinan,Jinan,China,CHN,2,200,1,Admin-1 capital,2798000,2069266,116.9930728,36.6769282,4124.90378888889,657.264886111111,4125,657,1624.90378888889,-342.735113888889,1625,-343,china,1.47,8.5,9,8,4.99,8.6
Zhengzhou,Zhengzhou,China,CHN,2,200,1,Admin-1 capital,2636000,2014125,113.6631469,34.756942,4078.65481805556,683.931361111111,4079,684,1578.65481805556,-316.068638888889,1579,-316,china,1.42,8.5,9,8,4.96,8.6
Fuzhou,Fuzhou,China,CHN,2,200,1,Admin-1 capital,2606000,1179720,119.2981001,26.0819418,4156.91805694444,804.417475,4157,804,1656.91805694444,-195.582525,1657,-196,china,1.42,8.5,9,8,4.96,8.6
Changsha,Changsha,China,CHN,2,200,1,Admin-1 capital,2604000,2073938,112.9680472,28.2019158,4069.00065555556,774.973391666667,4069,775,1569.00065555556,-225.026608333333,1569,-225,china,1.42,8.5,9,8,4.96,8.6
Xiangtan,Xiangtan,China,CHN,7,20,1,Populated place,2586948,1779960,112.9000232,27.8504305,4068.05587777778,779.855131944445,4068,780,1568.05587777778,-220.144868055556,1568,-220,china,1.41,8.5,9,8,4.96,8.6
Lanzhou,Lanzhou,China,CHN,2,200,1,Admin-1 capital,2561000,2004218,103.7900544,36.0579737,3941.52853333333,665.861476388889,3942,666,1441.52853333333,-334.138523611111,1442,-334,china,1.41,8.5,9,8,4.96,8.6
Xiamen,Xiamen,China,CHN,4,50,1,Populated place,2519000,578337,118.0780712,24.4519379,4139.97321111111,827.056418055556,4140,827,1639.97321111111,-172.943581944445,1640,-173,china,1.39,8.5,9,8,4.95,8.6
Jinxi,Jinxi,China,CHN,4,50,1,Populated place,2426000,313247,120.8280325,40.7522867,4178.16711805556,600.662684722222,4178,601,1678.16711805556,-399.337315277778,1678,-399,china,1.37,8.5,9,8,4.94,8.6
Shijiazhuang,Shijiazhuang,China,CHN,4,50,1,Admin-1 capital,2417000,1992474,114.4780325,38.0519605,4089.97267361111,638.167215277778,4090,638,1589.97267361111,-361.832784722222,1590,-362,china,1.37,8.5,9,8,4.94,8.6
Jilin,Jilin,China,CHN,4,50,1,Populated place,2396000,1881977,126.5480968,43.8519166,4257.61245555556,557.612269444445,4258,558,1757.61245555556,-442.387730555556,1758,-442,china,1.36,8.5,9,8,4.93,8.6
Nanchang,Nanchang,China,CHN,2,200,1,Admin-1 capital,2350000,1871351,115.8780504,28.6819381,4109.41736666667,768.306415277778,4109,768,1609.41736666667,-231.693584722222,1609,-232,china,1.35,8.5,9,8,4.92,8.6
Wenzhou,Wenzhou,China,CHN,4,50,1,Populated place,2350000,865672,120.6481469,28.0219268,4175.66870694445,777.473238888889,4176,777,1675.66870694445,-222.526761111111,1676,-223,china,1.35,8.5,9,8,4.92,8.6
Nanchong,Nanchong,China,CHN,4,50,1,Populated place,2174000,2174000,106.1280513,30.7823784,3974.0007125,739.133633333333,3974,739,1474.0007125,-260.866366666667,1474,-261,china,1.3,8.5,9,8,4.9,8.6
Nanning,Nanning,China,CHN,2,200,1,Admin-1 capital,2167000,803788,108.3180985,22.8219341,4004.41803472222,849.695359722222,4004,850,1504.41803472222,-150.304640277778,1504,-150,china,1.3,8.5,9,8,4.9,8.6
Zaozhuang,Zaozhuang,China,CHN,4,50,1,Populated place,2145000,183665,117.5680765,34.8819473,4132.88995138889,682.195176388889,4133,682,1632.88995138889,-317.804823611111,1633,-318,china,1.3,8.5,9,8,4.9,8.6
Yantai,Yantai,China,CHN,4,50,1,Populated place,2116000,719332,121.3980753,37.532354,4186.08437916667,645.383972222222,4186,645,1686.08437916667,-354.616027777778,1686,-355,china,1.29,8.5,9,8,4.89,8.6
Xuzhou,Xuzhou,China,CHN,4,50,1,Populated place,2091000,1199193,117.1780744,34.2819581,4127.47325555556,690.528359722222,4127,691,1627.47325555556,-309.471640277778,1627,-309,china,1.28,8.5,9,8,4.89,8.6
Linyi,Linyi,China,CHN,4,50,1,Populated place,2082000,270669,118.3280301,35.0819351,4143.4448625,679.417568055556,4143,679,1643.4448625,-320.582431944444,1643,-321,china,1.28,8.5,9,8,4.89,8.6
Haikou,Haikou,China,CHN,6,30,1,Admin-1 capital,2046189,1167428,110.3200256,20.0500023,4032.22257777778,888.1944125,4032,888,1532.22257777778,-111.8055875,1532,-112,china,1.27,8.5,9,8,4.88,8.6
Baotou,Baotou,China,CHN,2,200,1,Populated place,2036000,423329,109.820074,40.6541531,4025.27880555556,602.025651388889,4025,602,1525.27880555556,-397.974348611111,1525,-398,china,1.27,8.5,9,8,4.88,8.6
Hefei,Hefei,China,CHN,4,50,1,Admin-1 capital,2035000,1388904,117.2780683,31.8519772,4128.86205972222,724.278094444445,4129,724,1628.86205972222,-275.721905555556,1629,-276,china,1.27,8.5,9,8,4.88,8.6
Suzhou,Suzhou,China,CHN,4,50,1,Populated place,1964000,1964000,116.976943,33.638057,4124.67976388889,699.471430555556,4125,699,1624.67976388889,-300.528569444445,1625,-301,china,1.25,8.5,9,8,4.88,8.6
Nanyang,Nanyang,China,CHN,4,50,1,Populated place,1944000,251532,112.528074,33.0023463,4062.88991666667,708.300745833333,4063,708,1562.88991666667,-291.699254166667,1563,-292,china,1.25,8.5,9,8,4.88,8.6
Ningbo,Ningbo,China,CHN,4,50,1,Populated place,1923000,719867,121.5480919,29.8819166,4188.16794305556,751.640047222222,4188,752,1688.16794305556,-248.359952777778,1688,-248,china,1.24,8.5,9,8,4.87,8.6
Tangshan,Tangshan,China,CHN,6,30,1,Populated place,1879000,1596949,118.1924311,39.626283,4141.56154305556,616.301625,4142,616,1641.56154305556,-383.698375,1642,-384,china,1.23,8.5,9,8,4.87,8.6
Datong,Datong,China,CHN,6,30,1,Populated place,1873000,1052678,113.2980529,40.0819658,4073.58406805556,609.972697222222,4074,610,1573.58406805556,-390.027302777778,1574,-390,china,1.23,8.5,9,8,4.87,8.6
Shuyang,Shuyang,China,CHN,7,20,1,Populated place,1770000,1770000,118.7733597,34.1298664,4149.62999583333,692.640744444444,4150,693,1649.62999583333,-307.359255555556,1650,-307,china,1.2,8.5,9,8,4.85,8.6
Shangqiu,Shangqiu,China,CHN,6,30,1,Populated place,1753000,181218,115.649610022157,34.4129416652438,4106.24458364107,688.709143538281,4106,689,1606.24458364107,-311.290856461719,1606,-311,china,1.2,8.5,9,8,4.85,8.6
Wuxi,Wuxi,China,CHN,4,50,1,Populated place,1749000,1108647,120.298039,31.581942,4170.80609722222,728.028583333333,4171,728,1670.80609722222,-271.971416666667,1671,-272,china,1.19,8.5,9,8,4.84,8.6
Hohhot,Hohhot,China,CHN,4,50,1,Admin-1 capital,1726000,774477,111.6580496,40.8219207,4050.80624444445,599.695545833333,4051,600,1550.80624444445,-400.304454166667,1551,-400,china,1.19,8.5,9,8,4.84,8.6
Luoyang,Luoyang,China,CHN,6,30,1,Populated place,1715000,1390581,112.444471213325,34.6437700284256,4061.72876685173,685.503194049644,4062,686,1561.72876685173,-314.496805950356,1562,-314,china,1.19,8.5,9,8,4.84,8.6
Jianmen,Jianmen,China,CHN,6,30,1,Populated place,1708000,167750,113.1580614,30.6519988,4071.63974166667,740.944461111111,4072,741,1571.63974166667,-259.055538888889,1572,-259,china,1.18,8.5,9,8,4.84,8.6
Daqing,Daqing,China,CHN,4,50,1,Populated place,1693000,203488,124.9980622,46.581905,4236.08419722222,519.695763888889,4236,520,1736.08419722222,-480.304236111111,1736,-480,china,1.18,8.5,9,8,4.84,8.6
Luan,Luan,China,CHN,6,30,1,Populated place,1690000,1126455,116.4780655,31.7522934,4117.75090972222,725.662591666667,4118,726,1617.75090972222,-274.337408333333,1618,-274,china,1.18,8.5,9,8,4.84,8.6
Wanzhou,Wanzhou,China,CHN,6,30,1,Populated place,1680000,1680000,108.4000394,30.8199909,4005.55610277778,738.6112375,4006,739,1505.55610277778,-261.3887625,1506,-261,china,1.18,8.5,9,8,4.84,8.6
Suzhou,Suzhou,China,CHN,4,50,1,Populated place,1650000,1343091,120.6180712,31.3024242,4175.25098888889,731.910775,4175,732,1675.25098888889,-268.089225,1675,-268,china,1.17,8.5,9,8,4.83,8.6
Qiqihar,Qiqihar,China,CHN,3,110,1,Populated place,1641000,882364,123.9880464,47.3469229,4222.0562,509.070515277778,4222,509,1722.0562,-490.929484722222,1722,-491,china,1.17,8.5,9,8,4.83,8.6
Anshan,Anshan,China,CHN,4,50,1,Populated place,1639000,1199275,122.9380846,41.1169672,4207.47339722222,595.597677777778,4207,596,1707.47339722222,-404.402322222222,1707,-404,china,1.17,8.5,9,8,4.83,8.6
Handan,Handan,China,CHN,4,50,1,Populated place,1631000,1358318,114.4780325,36.5819211,4089.97267361111,658.584429166667,4090,659,1589.97267361111,-341.415570833333,1590,-341,china,1.16,8.5,9,8,4.83,8.6
Taian,Taian,China,CHN,6,30,1,Populated place,1629000,1629000,117.1181298,36.2019443,4126.64069166667,663.861884722222,4127,664,1626.64069166667,-336.138115277778,1627,-336,china,1.16,8.5,9,8,4.83,8.6
Shantou,Shantou,China,CHN,3,110,1,Populated place,1601000,1333973,116.6680797,23.3719522,4120.38999583333,842.056219444445,4120,842,1620.38999583333,-157.943780555555,1620,-158,china,1.16,8.5,9,8,4.83,8.6
Zhanjiang,Zhanjiang,China,CHN,4,50,1,Populated place,1590000,637790,110.3780761,21.2019296,4033.02883472222,872.195422222222,4033,872,1533.02883472222,-127.804577777778,1533,-128,china,1.15,8.5,9,8,4.83,8.6
Xiantao,Xiantao,China,CHN,6,30,1,Populated place,1556000,239406,113.438096,30.3723518,4075.52911111111,744.828447222222,4076,745,1575.52911111111,-255.171552777778,1576,-255,china,1.14,8.5,9,8,4.82,8.6
Weifang,Weifang,China,CHN,6,30,1,Populated place,1553000,394732,119.155625699429,36.702285137592,4154.9392458254,656.912706422333,4155,657,1654.9392458254,-343.087293577667,1655,-343,china,1.14,8.5,9,8,4.82,8.6
Xinyang,Xinyang,China,CHN,6,30,1,Populated place,1541000,1282888,114.0680317,32.1323219,4084.27821805556,720.384418055556,4084,720,1584.27821805556,-279.615581944444,1584,-280,china,1.14,8.5,9,8,4.82,8.6
Luzhou,Luzhou,China,CHN,6,30,1,Populated place,1537000,1537000,105.3780712,28.8819259,3963.58432222222,765.528806944445,3964,766,1463.58432222222,-234.471193055556,1464,-234,china,1.14,8.5,9,8,4.82,8.6
Ganzhou,Ganzhou,China,CHN,6,30,1,Populated place,1500000,932269,114.9500272,25.9199799,4096.52815555556,806.666945833333,4097,807,1596.52815555556,-193.333054166667,1597,-193,china,1.13,8.5,9,8,4.81,8.6
Liuzhou,Liuzhou,China,CHN,6,30,1,Populated place,1497000,1375061,109.413529495733,24.3207772952167,4019.6323541074,828.87809312199,4020,829,1519.6323541074,-171.12190687801,1520,-171,china,1.13,8.5,9,8,4.81,8.6
Fushun,Fushun,China,CHN,6,30,1,Admin-1 capital,1470000,1400646,123.8680537,41.8673349,4220.38963472222,585.175904166667,4220,585,1720.38963472222,-414.824095833333,1720,-415,china,1.12,8.5,9,8,4.81,8.6
Changde,Changde,China,CHN,6,30,1,Populated place,1469000,517780,111.6781001,29.0319426,4051.08472361111,763.445241666667,4051,763,1551.08472361111,-236.554758333333,1551,-237,china,1.12,8.5,9,8,4.81,8.6
Neijiang,Neijiang,China,CHN,4,50,1,Populated place,1466000,546854,105.0480655,29.5823225,3959.00090972222,755.801076388889,3959,756,1459.00090972222,-244.198923611111,1459,-244,china,1.12,8.5,9,8,4.81,8.6
Quanzhou,Quanzhou,China,CHN,4,50,1,Populated place,1463000,184143,118.5780407,24.9019622,4146.91723194444,820.806080555556,4147,821,1646.91723194444,-179.193919444444,1647,-179,china,1.12,8.5,9,8,4.81,8.6
Huainan,Huainan,China,CHN,3,110,1,Populated place,1451000,1027655,116.978035,32.6319296,4124.69493055556,713.445422222222,4125,713,1624.69493055556,-286.554577777778,1625,-287,china,1.12,8.5,9,8,4.81,8.6
Suining,Suining,China,CHN,6,30,1,Populated place,1425000,1425000,105.5313874,30.5352792,3965.71371388889,742.565566666667,3966,743,1465.71371388889,-257.434433333333,1466,-257,china,1.11,8.5,9,8,4.8,8.6
Mianyang,Mianyang,China,CHN,4,50,1,Populated place,1396000,264136,104.689992878763,31.4648275812928,3954.02767887171,729.655172482044,3954,730,1454.02767887171,-270.344827517956,1454,-270,china,1.1,8.5,9,8,4.8,8.6
Maanshan,Maanshan,China,CHN,7,20,1,Populated place,1366302,633940,118.485148474062,31.6725639222406,4145.62706213976,726.769945524436,4146,727,1645.62706213976,-273.230054475564,1646,-273,china,1.1,8.5,9,8,4.8,8.6
Yiyang,Yiyang,China,CHN,6,30,1,Populated place,1352000,202608,112.3280862,28.6023564,4060.11230833333,769.411716666667,4060,769,1560.11230833333,-230.588283333333,1560,-231,china,1.09,8.5,9,8,4.79,8.6
Heze,Heze,China,CHN,6,30,1,Populated place,1338000,254602,115.4481025,35.2319259,4103.44586805556,677.3343625,4103,677,1603.44586805556,-322.6656375,1603,-323,china,1.09,8.5,9,8,4.79,8.6
Changzhou,Changzhou,China,CHN,6,30,1,Populated place,1327000,949018,119.9680333,31.7819298,4166.22268472222,725.250975,4166,725,1666.22268472222,-274.749025,1666,-275,china,1.08,8.5,9,8,4.79,8.6
Chifeng,Chifeng,China,CHN,4,50,1,Populated place,1277000,346654,118.9480439,42.2719613,4152.05616527778,579.556093055556,4152,580,1652.05616527778,-420.443906944444,1652,-420,china,1.07,8.5,9,8,4.79,8.6
Huaiyin,Huaiyin,China,CHN,4,50,1,Populated place,1264000,555230,119.065967246689,33.5851649033301,4153.69398953735,700.206043009304,4154,700,1653.69398953735,-299.793956990696,1654,-300,china,1.07,8.5,9,8,4.79,8.6
Mudangiang,Mudangiang,China,CHN,6,30,1,Populated place,1244000,665915,129.5880663,44.5769628,4299.83425416667,547.542183333333,4300,548,1799.83425416667,-452.457816666667,1800,-452,china,1.06,8.5,9,8,4.78,8.6
Huzhou,Huzhou,China,CHN,6,30,1,Populated place,1231000,158320,120.0980513,30.8723212,4168.02849027778,737.884427777778,4168,738,1668.02849027778,-262.115572222222,1668,-262,china,1.06,8.5,9,8,4.78,8.6
Tianshui,Tianshui,China,CHN,4,50,1,Populated place,1225000,74767,105.9180382,34.6019644,3971.08386388889,686.083827777778,3971,686,1471.08386388889,-313.916172222222,1471,-314,china,1.06,8.5,9,8,4.78,8.6
Liupanshui,Liupanshui,China,CHN,4,50,1,Populated place,1221000,551512,104.8313862,26.5963807,3955.991475,797.272490277778,3956,797,1455.991475,-202.727509722222,1456,-203,china,1.06,8.5,9,8,4.78,8.6
Maoming,Maoming,China,CHN,7,20,1,Populated place,1217715,1217715,110.8700179,21.9204049,4039.86135972222,862.216598611111,4040,862,1539.86135972222,-137.783401388889,1540,-138,china,1.06,8.5,9,8,4.78,8.6
Jining,Jining,China,CHN,6,30,1,Populated place,1186000,450327,116.5480871,35.4023548,4118.72343194444,674.967294444445,4119,675,1618.72343194444,-325.032705555556,1619,-325,china,1.05,8.5,9,8,4.78,8.6
Leshan,Leshan,China,CHN,6,30,1,Populated place,1157000,154477,103.7314017,29.5690416,3940.7139125,755.985533333333,3941,756,1440.7139125,-244.014466666667,1441,-244,china,1.04,8.5,9,8,4.77,8.6
Shangrao,Shangrao,China,CHN,7,20,1,Populated place,1144577,700266,117.9699979,28.4703927,4138.47219305556,771.244545833333,4138,771,1638.47219305556,-228.755454166667,1638,-229,china,1.04,8.5,9,8,4.77,8.6
Yulin,Yulin,China,CHN,4,50,1,Populated place,1127000,148485,110.1480643,22.6319198,4029.83422638889,852.334447222222,4030,852,1529.83422638889,-147.665552777778,1530,-148,china,1.03,8.5,9,8,4.76,8.6
Xianyang,Xianyang,China,CHN,6,30,1,Populated place,1126000,1126000,108.7127763,34.3475015,4009.89967083333,689.618034722222,4010,690,1509.89967083333,-310.381965277778,1510,-310,china,1.03,8.5,9,8,4.76,8.6
Baoding,Baoding,China,CHN,7,20,1,Populated place,1107000,995652,115.468896503111,38.8583402606481,4103.73467365432,626.967496379887,4104,627,1603.73467365432,-373.032503620113,1604,-373,china,1.03,8.5,9,8,4.76,8.6
Zigong,Zigong,China,CHN,7,20,1,Populated place,1105000,689961,104.7780561,29.4019459,3955.25077916667,758.306306944445,3955,758,1455.25077916667,-241.693693055556,1455,-242,china,1.03,8.5,9,8,4.76,8.6
Ankang,Ankang,China,CHN,4,50,1,Populated place,1100000,950000,109.0200016,32.6799807,4014.16668888889,712.778045833333,4014,713,1514.16668888889,-287.221954166667,1514,-287,china,1.03,8.5,9,8,4.76,8.6
Jinhua,Jinhua,China,CHN,6,30,1,Populated place,1092852,142206,119.6499987,29.1200429,4161.8055375,762.221626388889,4162,762,1661.8055375,-237.778373611111,1662,-238,china,1.02,8.5,9,8,4.76,8.6
Zhuzhou,Zhuzhou,China,CHN,6,30,1,Populated place,1080000,709358,113.1480879,27.8319384,4071.50122083333,780.111966666667,4072,780,1571.50122083333,-219.888033333333,1572,-220,china,1.02,8.5,9,8,4.76,8.6
Xiangyang,Xiangyang,China,CHN,6,30,1,Populated place,1069000,462956,112.1280985,32.021941,4057.33470138889,721.917486111111,4057,722,1557.33470138889,-278.082513888889,1557,-278,china,1.02,8.5,9,8,4.76,8.6
Zhucheng,Zhucheng,China,CHN,8,10,1,Populated place,1060000,703927,119.3800927,35.9899595,4158.05684305556,666.806118055556,4158,667,1658.05684305556,-333.193881944444,1658,-333,china,1.02,8.5,9,8,4.76,8.6
Xining,Xining,China,CHN,3,110,1,Admin-1 capital,1048000,767531,101.768059,36.6219445,3913.44526388889,658.028548611111,3913,658,1413.44526388889,-341.971451388889,1413,-342,china,1.01,8.5,9,8,4.75,8.6
Zhangjiakou,Zhangjiakou,China,CHN,6,30,1,Populated place,1046000,559641,114.852026910114,40.8052551693324,4095.16704041826,599.927011537051,4095,600,1595.16704041826,-400.072988462949,1595,-400,china,1.01,8.5,9,8,4.75,8.6
Zhuhai,Zhuhai,China,CHN,6,30,1,Populated place,1023000,1023000,113.5658319,22.2788903,4077.30322083333,857.237634722222,4077,857,1577.30322083333,-142.762365277778,1577,-143,china,1.01,8.5,9,8,4.75,8.6
Jiamusi,Jiamusi,China,CHN,4,50,1,Populated place,1020000,549549,130.3480716,46.8319672,4310.38988333333,516.222677777778,4310,516,1810.38988333333,-483.777322222222,1810,-484,china,1.01,8.5,9,8,4.75,8.6
Hengyang,Hengyang,China,CHN,4,50,1,Populated place,1016000,759602,112.5880704,26.8819705,4063.7232,793.305965277778,4064,793,1563.7232,-206.694034722222,1564,-207,china,1,8.5,9,8,4.75,8.6
Benxi,Benxi,China,CHN,6,30,1,Populated place,1012000,835866,123.748061,41.3323288,4218.72306944444,592.606544444445,4219,593,1718.72306944444,-407.393455555556,1719,-407,china,1,8.5,9,8,4.75,8.6
Qinhuangdao,Qinhuangdao,China,CHN,6,30,1,Populated place,1003000,759718,119.6180805,39.9323109,4161.36222916667,612.0512375,4161,612,1661.36222916667,-387.9487625,1661,-388,china,1,8.5,9,8,4.75,8.6
Baoshan,Baoshan,China,CHN,4,50,1,Populated place,1000000,850000,99.1500097,25.119977,3877.08346805556,817.778097222222,3877,818,1377.08346805556,-182.221902777778,1377,-182,china,1,8.5,9,8,4.75,8.6
Yongzhou,Yongzhou,China,CHN,6,30,1,Populated place,1000000,400361,111.609134986458,26.4179199358715,4050.12687481191,799.751112001785,4050,800,1550.12687481191,-200.248887998215,1550,-200,china,1,8.5,9,8,4.75,8.6
Mexico City,Mexico City,Mexico,MEX,0,600,2,Admin-0 capital,19028000,10811002,-99.1329341,19.4443883,1123.15369305556,896.605718055556,1123,897,-1376.84630694444,-103.394281944444,-1377,-103,central_america_caribbean,5.68,4.5,4.5,4.5,5.09,4.5
Guadalajara,Guadalajara,Mexico,MEX,2,200,2,Admin-1 capital,4198000,1640589,-103.3319801,20.671962,1064.83360972222,879.556083333333,1065,880,-1435.16639027778,-120.443916666667,-1435,-120,central_america_caribbean,1.83,4.5,4.5,4.5,3.17,4.5
Monterrey,Monterrey,Mexico,MEX,1,300,2,Admin-1 capital,3712000,1122874,-100.3319306,25.671941,1106.50096388889,810.111930555556,1107,810,-1393.49903611111,-189.888069444444,-1393,-190,central_america_caribbean,1.7,4.5,4.5,4.5,3.1,4.5
San Juan,San Juan,Puerto Rico,PRI,3,110,0,Admin-1 capital,2478905,395326,-66.1299793,18.440023,1581.52806527778,910.555236111111,1582,911,-918.471934722222,-89.4447638888889,-918,-89,central_america_caribbean,1.38,4.5,4.5,4.5,2.94,4.5
Puebla,Puebla,Mexico,MEX,2,200,2,Admin-1 capital,2195000,1392099,-98.2037372554249,19.0325938390164,1136.05920478577,902.325085569217,1136,902,-1363.94079521423,-97.6749144307827,-1364,-98,central_america_caribbean,1.31,4.5,4.5,4.5,2.91,4.5
Havana,Havana,Cuba,CUB,2,200,6,Admin-0 capital,2174000,1990917,-82.366128,23.1339047,1356.026,845.362434722222,1356,845,-1143.974,-154.637565277778,-1144,-155,central_america_caribbean,1.3,4.5,4.5,4.5,2.9,4.5
Santo Domingo,Santo Domingo,Dominican Republic,DOM,2,200,8,Admin-0 capital,2154000,2873,-69.9297423157906,18.4707450580484,1528.75357894735,910.128540860439,1529,910,-971.246421052646,-89.8714591395609,-971,-90,central_america_caribbean,1.3,4.5,4.5,4.5,2.9,4.5
Port-au-Prince,Port-au-Prince,Haiti,HTI,3,110,8,Admin-0 capital,1998000,1234742,-72.3379804,18.5429705,1495.30582777778,909.125409722222,1495,909,-1004.69417222222,-90.8745902777777,-1005,-91,central_america_caribbean,1.26,4.5,4.5,4.5,2.88,4.5
Tijuana,Tijuana,Mexico,MEX,3,110,2,Populated place,1553000,1376457,-117.0819418,32.5019634,873.861919444445,715.250508333333,874,715,-1626.13808055556,-284.749491666667,-1626,-285,central_america_caribbean,1.14,4.5,4.5,4.5,2.82,4.5
Santiago,Santiago,Dominican Republic,DOM,4,50,8,Admin-1 capital,1550753,1391262,-70.6700122,19.50001,1518.47205277778,895.833194444444,1518,896,-981.527947222222,-104.166805555556,-982,-104,central_america_caribbean,1.14,4.5,4.5,4.5,2.82,4.5
Toluca,Toluca,Mexico,MEX,7,20,2,Admin-1 capital,1531000,505881,-99.6531792854897,19.2893079514848,1115.92806547931,898.759611784934,1116,899,-1384.07193452069,-101.240388215066,-1384,-101,central_america_caribbean,1.14,4.5,4.5,4.5,2.82,4.5
León,Leon,Mexico,MEX,4,50,2,Populated place,1488000,1114626,-101.7019762,21.1519327,1087.47255277778,872.889823611111,1087,873,-1412.52744722222,-127.110176388889,-1413,-127,central_america_caribbean,1.13,4.5,4.5,4.5,2.81,4.5
San Salvador,San Salvador,El Salvador,SLV,3,110,8,Admin-0 capital,1433000,2807,-89.2155758045276,13.7032802591939,1260.89478049267,976.343329733419,1261,976,-1239.10521950733,-23.6566702665814,-1239,-24,central_america_caribbean,1.11,4.5,4.5,4.5,2.81,4.5
Ciudad Juárez,Ciudad Juarez,Mexico,MEX,6,30,2,Populated place,1343000,1343000,-106.4919939,31.6923229,1020.94452916667,726.495515277778,1021,726,-1479.05547083333,-273.504484722222,-1479,-274,central_america_caribbean,1.09,4.5,4.5,4.5,2.79,4.5
San José,San Jose,Costa Rica,CRI,3,110,8,Admin-0 capital,1284000,1724,-84.0788139696463,9.93037072794848,1332.23869486602,1028.74485100072,1332,1029,-1167.76130513398,28.7448510007157,-1168,29,central_america_caribbean,1.07,4.5,4.5,4.5,2.79,4.5
Panama City,Panama City,Panama,PAN,3,110,8,Admin-0 capital,1281000,408168,-79.534983,8.969963,1395.34745833333,1042.08384722222,1395,1042,-1104.65254166667,42.083847222222,-1105,42,central_america_caribbean,1.07,4.5,4.5,4.5,2.79,4.5
Torreón,Torreon,Mexico,MEX,4,50,2,Populated place,1144000,524066,-103.4219487,25.5719988,1063.58404583333,811.500016666667,1064,812,-1436.41595416667,-188.499983333333,-1436,-188,central_america_caribbean,1.04,4.5,4.5,4.5,2.77,4.5
Nezahualcoyotl,Nezahualcoyotl,Mexico,MEX,8,10,2,Populated place,1109363,750000,-99.0299866,19.4100155,1124.58351944444,897.083118055556,1125,897,-1375.41648055556,-102.916881944445,-1375,-103,central_america_caribbean,1.03,4.5,4.5,4.5,2.77,4.5
Guatemala City,Guatemala,Guatemala,GTM,3,110,8,Admin-0 capital,1024000,994938,-90.5289114,14.6230805,1242.65400833333,963.568326388889,1243,964,-1257.34599166667,-36.4316736111111,-1257,-36,central_america_caribbean,1.01,4.5,4.5,4.5,2.75,4.5
