name,country_source,longitude,latitude,pixel_x,pixel_y,pixel_x_int,pixel_y_int,centered_x,centered_y,source,source_line
Aachen,Deutschland,6.1,50.766667,2584.72,461.57,2585,462,84.72,-538.43,TeX Live pst-geo cities.data,1
Aalborg,Dänemark,9.933333,57.05,2637.96,374.31,2638,374,137.96,-625.69,TeX Live pst-geo cities.data,2
Aarhus,Dänemark,10.216667,56.166667,2641.9,386.57,2642,387,141.9,-613.43,TeX Live pst-geo cities.data,3
Aberdeen,Großbritannien,-2.1,57.133333,2470.83,373.15,2471,373,-29.17,-626.85,TeX Live pst-geo cities.data,4
Abidjan,Elfenbeinküste,-4.033333,5.316667,2443.98,1092.82,2444,1093,-56.02,92.82,TeX Live pst-geo cities.data,5
Abilene,"USA, TX",-99.716667,32.466667,1115.05,715.74,1115,716,-1384.95,-284.26,TeX Live pst-geo cities.data,6
Abu Dhabi,Vereinigte Arabische Emirate,54.416667,24.466667,3255.79,826.85,3256,827,755.79,-173.15,TeX Live pst-geo cities.data,7
Acapulco,Mexiko,-99.916667,16.833333,1112.27,932.87,1112,933,-1387.73,-67.13,TeX Live pst-geo cities.data,8
Accra,Ghana,-0.25,5.55,2496.53,1089.58,2497,1090,-3.47,89.58,TeX Live pst-geo cities.data,9
Adana,Türkei,35.316667,37.0,2990.51,652.78,2991,653,490.51,-347.22,TeX Live pst-geo cities.data,10
Addis Abeba,Äthiopien,38.783333,9.033333,3038.66,1041.2,3039,1041,538.66,41.2,TeX Live pst-geo cities.data,11
Adelaide,Australien,138.6,-34.933333,4425.0,1651.85,4425,1652,1925.0,651.85,TeX Live pst-geo cities.data,12
Aden,Jemen,45.016667,12.766667,3125.23,989.35,3125,989,625.23,-10.65,TeX Live pst-geo cities.data,13
Agadez,Niger,7.933333,17.0,2610.19,930.56,2610,931,110.19,-69.44,TeX Live pst-geo cities.data,14
Agadir,Marokko,-9.666667,30.5,2365.74,743.06,2366,743,-134.26,-256.94,TeX Live pst-geo cities.data,15
Ahmedabad,Indien,72.666667,23.0,3509.26,847.22,3509,847,1009.26,-152.78,TeX Live pst-geo cities.data,16
Akron,"USA, OH",81.516667,41.083333,3632.18,596.06,3632,596,1132.18,-403.94,TeX Live pst-geo cities.data,17
Akureyri,Island,-18.066667,65.683333,2249.07,254.4,2249,254,-250.93,-745.6,TeX Live pst-geo cities.data,18
Akyab,Myanmar,92.916667,20.15,3790.51,886.81,3791,887,1290.51,-113.19,TeX Live pst-geo cities.data,19
Al Mahalla Al-Kubra,Ägypten,31.166667,30.983333,2932.87,736.34,2933,736,432.87,-263.66,TeX Live pst-geo cities.data,21
Al-Mobarraz,Saudi-Arabien,49.616667,25.433333,3189.12,813.43,3189,813,689.12,-186.57,TeX Live pst-geo cities.data,20
Albany,"USA, GA",-84.15,31.566667,1331.25,728.24,1331,728,-1168.75,-271.76,TeX Live pst-geo cities.data,22
Albany,"USA, NY",-73.75,42.65,1475.69,574.31,1476,574,-1024.31,-425.69,TeX Live pst-geo cities.data,23
Albuquerque,"USA, NM",-106.65,35.083333,1018.75,679.4,1019,679,-1481.25,-320.6,TeX Live pst-geo cities.data,24
Aleppo,Syrien,37.166667,36.233333,3016.2,663.43,3016,663,516.2,-336.57,TeX Live pst-geo cities.data,25
Alexandria,"USA, LA",-92.45,31.3,1215.97,731.94,1216,732,-1284.03,-268.06,TeX Live pst-geo cities.data,27
Alexandria,"USA, VA",-77.05,38.8,1429.86,627.78,1430,628,-1070.14,-372.22,TeX Live pst-geo cities.data,28
Alexandria,Ägypten,29.916667,31.216667,2915.51,733.1,2916,733,415.51,-266.9,TeX Live pst-geo cities.data,26
Algier,Algerien,3.05,36.783333,2542.36,655.79,2542,656,42.36,-344.21,TeX Live pst-geo cities.data,29
Allentown,"USA, PA",-75.466667,40.6,1451.85,602.78,1452,603,-1048.15,-397.22,TeX Live pst-geo cities.data,30
Altoona,"USA, PA",-78.4,40.516667,1411.11,603.94,1411,604,-1088.89,-396.06,TeX Live pst-geo cities.data,31
Amadora,Portugal,-9.216667,38.75,2371.99,628.47,2372,628,-128.01,-371.53,TeX Live pst-geo cities.data,32
Amarillo,"USA, TX",-101.833333,35.2,1085.65,677.78,1086,678,-1414.35,-322.22,TeX Live pst-geo cities.data,33
Ambato,Ecuador,-78.65,-1.3,1407.64,1184.72,1408,1185,-1092.36,184.72,TeX Live pst-geo cities.data,34
Amman,Jordanien,35.933333,31.95,2999.07,722.92,2999,723,499.07,-277.08,TeX Live pst-geo cities.data,35
Amsterdam,Niederlande,4.9,52.383333,2568.06,439.12,2568,439,68.06,-560.88,TeX Live pst-geo cities.data,36
Amstetten,Österreich,14.866667,48.116667,2706.48,498.38,2706,498,206.48,-501.62,TeX Live pst-geo cities.data,37
Anaheim,"USA, CA",-117.916667,33.833333,862.27,696.76,862,697,-1637.73,-303.24,TeX Live pst-geo cities.data,38
Anchorage,"USA, AK",-149.883333,61.216667,418.29,316.44,418,316,-2081.71,-683.56,TeX Live pst-geo cities.data,39
Andorra La Vella,Andorra,1.5,42.5,2520.83,576.39,2521,576,20.83,-423.61,TeX Live pst-geo cities.data,40
Angeles,Philippinen,120.55,15.15,4174.31,956.25,4174,956,1674.31,-43.75,TeX Live pst-geo cities.data,41
Ankara,Türkei,32.866667,39.933333,2956.48,612.04,2956,612,456.48,-387.96,TeX Live pst-geo cities.data,42
Ann Arbor,"USA, MI",-83.75,42.283333,1336.81,579.4,1337,579,-1163.19,-420.6,TeX Live pst-geo cities.data,43
Annaba,Algerien,7.783333,36.916667,2608.1,653.94,2608,654,108.1,-346.06,TeX Live pst-geo cities.data,44
Annapolis,"USA, MD",-76.5,38.983333,1437.5,625.23,1438,625,-1062.5,-374.77,TeX Live pst-geo cities.data,45
Antananarivo,Madagaskar,47.5,-18.866667,3159.72,1428.7,3160,1429,659.72,428.7,TeX Live pst-geo cities.data,46
Antofagasta,Chile,-70.4,-23.65,1522.22,1495.14,1522,1495,-977.78,495.14,TeX Live pst-geo cities.data,47
Antsirabe,Madagaskar,47.016667,-19.85,3153.01,1442.36,3153,1442,653.01,442.36,TeX Live pst-geo cities.data,48
Antsiranana,Madagaskar,49.333333,-12.416667,3185.19,1339.12,3185,1339,685.19,339.12,TeX Live pst-geo cities.data,49
Antwerpen,Belgien,4.416667,51.216667,2561.34,455.32,2561,455,61.34,-544.68,TeX Live pst-geo cities.data,50
Apeldoorn,Niederlande,5.95,52.216667,2582.64,441.44,2583,441,82.64,-558.56,TeX Live pst-geo cities.data,51
Apia,Westsamoa,-171.733333,-13.833333,114.81,1358.8,115,1359,-2385.19,358.8,TeX Live pst-geo cities.data,52
Arequipa,Peru,-71.55,-16.4,1506.25,1394.44,1506,1394,-993.75,394.44,TeX Live pst-geo cities.data,53
Ariana,Tunesien,10.2,36.866667,2641.67,654.63,2642,655,141.67,-345.37,TeX Live pst-geo cities.data,54
Arica,Chile,-70.333333,-18.5,1523.15,1423.61,1523,1424,-976.85,423.61,TeX Live pst-geo cities.data,55
Arlington,"USA, VA",-77.116667,38.883333,1428.94,626.62,1429,627,-1071.06,-373.38,TeX Live pst-geo cities.data,56
Arusha,Tansania,36.666667,-3.383333,3009.26,1213.66,3009,1214,509.26,213.66,TeX Live pst-geo cities.data,57
As-Smara,Sahara,-11.683333,26.8,2337.73,794.44,2338,794,-162.27,-205.56,TeX Live pst-geo cities.data,58
Asheville,"USA, NC",-82.55,35.6,1353.47,672.22,1353,672,-1146.53,-327.78,TeX Live pst-geo cities.data,59
Asmara,Äthiopien,38.966667,15.333333,3041.2,953.7,3041,954,541.2,-46.3,TeX Live pst-geo cities.data,60
Assiut,Ägypten,31.116667,27.233333,2932.18,788.43,2932,788,432.18,-211.57,TeX Live pst-geo cities.data,61
Asuncion,Paraguay,-57.666667,-25.266667,1699.07,1517.59,1699,1518,-800.93,517.59,TeX Live pst-geo cities.data,62
Atbara,Sudan,34.0,17.7,2972.22,920.83,2972,921,472.22,-79.17,TeX Live pst-geo cities.data,63
Athen,Griechenland,23.716667,37.966667,2829.4,639.35,2829,639,329.4,-360.65,TeX Live pst-geo cities.data,64
Atlanta,"USA, GA",-84.4,33.75,1327.78,697.92,1328,698,-1172.22,-302.08,TeX Live pst-geo cities.data,65
Atlantic City,"USA, NJ",-74.433333,39.366667,1466.2,619.91,1466,620,-1033.8,-380.09,TeX Live pst-geo cities.data,66
Auckland,Neuseeland,174.75,-36.85,4927.08,1678.47,4927,1678,2427.08,678.47,TeX Live pst-geo cities.data,67
Augsburg,Deutschland,10.883333,48.366667,2651.16,494.91,2651,495,151.16,-505.09,TeX Live pst-geo cities.data,68
Augusta,"USA, GA",-81.966667,33.466667,1361.57,701.85,1362,702,-1138.43,-298.15,TeX Live pst-geo cities.data,69
Austin,"USA, TX",-97.75,30.266667,1142.36,746.3,1142,746,-1357.64,-253.7,TeX Live pst-geo cities.data,70
Bacolod,Philippinen,122.966667,10.633333,4207.87,1018.98,4208,1019,1707.87,18.98,TeX Live pst-geo cities.data,71
Baden,Österreich,16.233333,48.016667,2725.46,499.77,2725,500,225.46,-500.23,TeX Live pst-geo cities.data,72
Bagdad,Irak,44.416667,33.35,3116.9,703.47,3117,703,616.9,-296.53,TeX Live pst-geo cities.data,73
Bahia Blanca,Argentinien,-62.25,-38.75,1635.42,1704.86,1635,1705,-864.58,704.86,TeX Live pst-geo cities.data,74
Bakersfield,"USA, CA",-119.016667,35.366667,846.99,675.46,847,675,-1653.01,-324.54,TeX Live pst-geo cities.data,75
Bakhtaran,Iran,54.9,31.466667,3262.5,729.63,3262,730,762.5,-270.37,TeX Live pst-geo cities.data,76
Baku,Sowjetunion,49.85,40.383333,3192.36,605.79,3192,606,692.36,-394.21,TeX Live pst-geo cities.data,77
Baltimore,"USA, MD",-76.616667,39.283333,1435.88,621.06,1436,621,-1064.12,-378.94,TeX Live pst-geo cities.data,78
Bamako,Mali,-7.983333,12.666667,2389.12,990.74,2389,991,-110.88,-9.26,TeX Live pst-geo cities.data,79
Bandar Seri Begawan,Brunei,114.966667,4.933333,4096.76,1098.15,4097,1098,1596.76,98.15,TeX Live pst-geo cities.data,80
Bandung,Indonesien,107.566667,-6.95,3993.98,1263.19,3994,1263,1493.98,263.19,TeX Live pst-geo cities.data,81
Bangalore,Indien,77.583333,12.966667,3577.55,986.57,3578,987,1077.55,-13.43,TeX Live pst-geo cities.data,82
Bangkok,Thailand,100.516667,13.75,3896.06,975.69,3896,976,1396.06,-24.31,TeX Live pst-geo cities.data,83
Bangor,"USA, ME",-68.766667,44.8,1544.91,544.44,1545,544,-955.09,-455.56,TeX Live pst-geo cities.data,84
Bangui,Zentralafrikanische Republik,18.616667,4.383333,2758.56,1105.79,2759,1106,258.56,105.79,TeX Live pst-geo cities.data,85
Banjul,Gambia,-16.65,13.466667,2268.75,979.63,2269,980,-231.25,-20.37,TeX Live pst-geo cities.data,86
Barcelona,Spanien,2.183333,41.383333,2530.32,591.9,2530,592,30.32,-408.1,TeX Live pst-geo cities.data,87
Barcelona,Venezuela,-64.716667,10.133333,1601.16,1025.93,1601,1026,-898.84,25.93,TeX Live pst-geo cities.data,88
Bari,Italien,16.866667,41.116667,2734.26,595.6,2734,596,234.26,-404.4,TeX Live pst-geo cities.data,89
Barquisimeto,Venezuela,-69.3,10.05,1537.5,1027.08,1538,1027,-962.5,27.08,TeX Live pst-geo cities.data,90
Barranquilla,Kolumbien,-74.8,10.983333,1461.11,1014.12,1461,1014,-1038.89,14.12,TeX Live pst-geo cities.data,91
Barreiro,Portugal,-9.083333,38.666667,2373.84,629.63,2374,630,-126.16,-370.37,TeX Live pst-geo cities.data,92
Basel,Schweiz,7.6,47.55,2605.56,506.25,2606,506,105.56,-493.75,TeX Live pst-geo cities.data,93
Basra,Irak,47.833333,30.5,3164.35,743.06,3164,743,664.35,-256.94,TeX Live pst-geo cities.data,94
Bassein,Myanmar,94.75,16.766667,3815.97,933.8,3816,934,1315.97,-66.2,TeX Live pst-geo cities.data,95
Basseterre,St. Kitts-Nevis,-62.716667,17.283333,1628.94,926.62,1629,927,-871.06,-73.38,TeX Live pst-geo cities.data,96
Bata,Äquatorial-Guinea,9.766667,1.85,2635.65,1140.97,2636,1141,135.65,140.97,TeX Live pst-geo cities.data,97
Baton Rouge,"USA, LA",-91.183333,30.45,1233.56,743.75,1234,744,-1266.44,-256.25,TeX Live pst-geo cities.data,98
Beaumont,"USA, TX",-94.1,30.083333,1193.06,748.84,1193,749,-1306.94,-251.16,TeX Live pst-geo cities.data,99
Beersheba,Israel,34.783333,31.25,2983.1,732.64,2983,733,483.1,-267.36,TeX Live pst-geo cities.data,100
Beijing,China,116.4,39.933333,4116.67,612.04,4117,612,1616.67,-387.96,TeX Live pst-geo cities.data,101
Beira,Mosambik,34.866667,-19.816667,2984.26,1441.9,2984,1442,484.26,441.9,TeX Live pst-geo cities.data,102
Beirut,Libanon,35.5,33.883333,2993.06,696.06,2993,696,493.06,-303.94,TeX Live pst-geo cities.data,103
Belem,Brasilien,-48.483333,-1.45,1826.62,1186.81,1827,1187,-673.38,186.81,TeX Live pst-geo cities.data,104
Belfast,Nordirland,-5.933333,54.6,2417.59,408.33,2418,408,-82.41,-591.67,TeX Live pst-geo cities.data,105
Belize City,Belize,-88.2,17.5,1275.0,923.61,1275,924,-1225.0,-76.39,TeX Live pst-geo cities.data,106
Belmopan,Belize,-88.8,17.216667,1266.67,927.55,1267,928,-1233.33,-72.45,TeX Live pst-geo cities.data,107
Belo Horizonte,Brasilien,-43.9,-19.9,1890.28,1443.06,1890,1443,-609.72,443.06,TeX Live pst-geo cities.data,108
Bengasi,Libyen,20.066667,32.116667,2778.7,720.6,2779,721,278.7,-279.4,TeX Live pst-geo cities.data,109
Beograd,Jugoslawien,20.5,44.833333,2784.72,543.98,2785,544,284.72,-456.02,TeX Live pst-geo cities.data,110
Berbera,Somalia,45.033333,10.466667,3125.46,1021.3,3125,1021,625.46,21.3,TeX Live pst-geo cities.data,111
Bergen,Norwegen,5.333333,60.383333,2574.07,328.01,2574,328,74.07,-671.99,TeX Live pst-geo cities.data,112
Bergisch-Gladbach,Deutschland,7.133333,50.983333,2599.07,458.56,2599,459,99.07,-541.44,TeX Live pst-geo cities.data,113
Berlin,Deutschland,13.366667,52.55,2685.65,436.81,2686,437,185.65,-563.19,TeX Live pst-geo cities.data,114
Bern,Schweiz,7.466667,46.95,2603.7,514.58,2604,515,103.7,-485.42,TeX Live pst-geo cities.data,115
Bethlehem,"USA, PA",-75.383333,40.616667,1453.01,602.55,1453,603,-1046.99,-397.45,TeX Live pst-geo cities.data,116
Biel,Schweiz,8.216667,46.45,2614.12,521.53,2614,522,114.12,-478.47,TeX Live pst-geo cities.data,117
Bielefeld,Deutschland,8.533333,52.033333,2618.52,443.98,2619,444,118.52,-556.02,TeX Live pst-geo cities.data,118
Bilbao,Spanien,-2.933333,43.25,2459.26,565.97,2459,566,-40.74,-434.03,TeX Live pst-geo cities.data,119
Billings,"USA, MT",-108.5,45.783333,993.06,530.79,993,531,-1506.94,-469.21,TeX Live pst-geo cities.data,120
Biloxi,"USA, MS",-88.883333,30.4,1265.51,744.44,1266,744,-1234.49,-255.56,TeX Live pst-geo cities.data,121
Binghamton,"USA, NY",-75.916667,42.1,1445.6,581.94,1446,582,-1054.4,-418.06,TeX Live pst-geo cities.data,122
Birmingham,Großbritannien,-1.883333,52.483333,2473.84,437.73,2474,438,-26.16,-562.27,TeX Live pst-geo cities.data,123
Birmingham,"USA, AL",-86.816667,33.516667,1294.21,701.16,1294,701,-1205.79,-298.84,TeX Live pst-geo cities.data,124
Bismarck,"USA, ND",-100.783333,46.8,1100.23,516.67,1100,517,-1399.77,-483.33,TeX Live pst-geo cities.data,125
Bissau,Guinea-Bissau,-15.65,11.866667,2282.64,1001.85,2283,1002,-217.36,1.85,TeX Live pst-geo cities.data,126
Bizerta,Tunesien,9.866667,37.3,2637.04,648.61,2637,649,137.04,-351.39,TeX Live pst-geo cities.data,127
Blantyre,Malawi,35.0,-15.766667,2986.11,1385.65,2986,1386,486.11,385.65,TeX Live pst-geo cities.data,128
Blida,Algerien,2.833333,36.5,2539.35,659.72,2539,660,39.35,-340.28,TeX Live pst-geo cities.data,129
Bnei Brak,Israel,34.866667,32.083333,2984.26,721.06,2984,721,484.26,-278.94,TeX Live pst-geo cities.data,130
Bo,Sierra Leone,-11.75,7.966667,2336.81,1056.02,2337,1056,-163.19,56.02,TeX Live pst-geo cities.data,131
Bobo-Dioulasso,Burkina Faso,-4.3,11.183333,2440.28,1011.34,2440,1011,-59.72,11.34,TeX Live pst-geo cities.data,132
Bochum,Deutschland,7.216667,51.483333,2600.23,451.62,2600,452,100.23,-548.38,TeX Live pst-geo cities.data,133
Bogata,Kolumbien,-74.083333,4.6,1471.06,1102.78,1471,1103,-1028.94,102.78,TeX Live pst-geo cities.data,134
Boise,"USA, ID",-116.2,43.616667,886.11,560.88,886,561,-1613.89,-439.12,TeX Live pst-geo cities.data,135
Bologna,Italien,11.333333,44.5,2657.41,548.61,2657,549,157.41,-451.39,TeX Live pst-geo cities.data,136
Bombay,Indien,72.833333,18.966667,3511.57,903.24,3512,903,1011.57,-96.76,TeX Live pst-geo cities.data,137
Bonn,Deutschland,7.1,50.733333,2598.61,462.04,2599,462,98.61,-537.96,TeX Live pst-geo cities.data,138
Boras,Schweden,12.916667,57.733333,2679.4,364.81,2679,365,179.4,-635.19,TeX Live pst-geo cities.data,139
Bordeaux,Frankreich,-0.566667,44.833333,2492.13,543.98,2492,544,-7.87,-456.02,TeX Live pst-geo cities.data,140
Boston,"USA, MA",-71.05,42.35,1513.19,578.47,1513,578,-986.81,-421.53,TeX Live pst-geo cities.data,141
Bottrop,Deutschland,6.916667,51.516667,2596.06,451.16,2596,451,96.06,-548.84,TeX Live pst-geo cities.data,142
Boulder,"USA, CO",-105.283333,40.016667,1037.73,610.88,1038,611,-1462.27,-389.12,TeX Live pst-geo cities.data,143
Boulogne,Frankreich,1.616667,50.716667,2522.45,462.27,2522,462,22.45,-537.73,TeX Live pst-geo cities.data,144
Bozen,Italien,11.366667,46.516667,2657.87,520.6,2658,521,157.87,-479.4,TeX Live pst-geo cities.data,145
Bradford,Großbritannien,-1.75,53.8,2475.69,419.44,2476,419,-24.31,-580.56,TeX Live pst-geo cities.data,146
Braga,Portugal,-8.433333,41.533333,2382.87,589.81,2383,590,-117.13,-410.19,TeX Live pst-geo cities.data,147
Braila,Rumänien,27.966667,45.283333,2888.43,537.73,2888,538,388.43,-462.27,TeX Live pst-geo cities.data,148
Brasilia,Brasilien,-47.916667,-15.783333,1834.49,1385.88,1834,1386,-665.51,385.88,TeX Live pst-geo cities.data,149
Bratislava,Slovakei,17.166667,48.166667,2738.43,497.69,2738,498,238.43,-502.31,TeX Live pst-geo cities.data,150
Braunau,Österreich,13.033333,48.266667,2681.02,496.3,2681,496,181.02,-503.7,TeX Live pst-geo cities.data,151
Braunschweig,Deutschland,10.533333,52.266667,2646.3,440.74,2646,441,146.3,-559.26,TeX Live pst-geo cities.data,152
Brazzaville,Kongo,15.233333,-4.233333,2711.57,1225.46,2712,1225,211.57,225.46,TeX Live pst-geo cities.data,153
Bregenz,Österreich,9.766667,47.5,2635.65,506.94,2636,507,135.65,-493.06,TeX Live pst-geo cities.data,154
Bremen,Deutschland,8.8,53.083333,2622.22,429.4,2622,429,122.22,-570.6,TeX Live pst-geo cities.data,155
Bremerhaven,Deutschland,8.583333,53.55,2619.21,422.92,2619,423,119.21,-577.08,TeX Live pst-geo cities.data,156
Breslau,Polen,17.0,51.083333,2736.11,457.18,2736,457,236.11,-542.82,TeX Live pst-geo cities.data,157
Bridgeport,"USA, CT",-73.183333,41.183333,1483.56,594.68,1484,595,-1016.44,-405.32,TeX Live pst-geo cities.data,158
Bridgetown,Barbados,-59.616667,13.1,1671.99,984.72,1672,985,-828.01,-15.28,TeX Live pst-geo cities.data,159
Brisbane,Australien,153.016667,-27.5,4625.23,1548.61,4625,1549,2125.23,548.61,TeX Live pst-geo cities.data,160
Bristol,Großbritannien,-2.583333,51.45,2464.12,452.08,2464,452,-35.88,-547.92,TeX Live pst-geo cities.data,161
Brno,Tschechien,16.666667,49.216667,2731.48,483.1,2731,483,231.48,-516.9,TeX Live pst-geo cities.data,162
Bromberg,Polen,18.0,53.266667,2750.0,426.85,2750,427,250.0,-573.15,TeX Live pst-geo cities.data,163
Brownsville,"USA, TX",-97.5,25.9,1145.83,806.94,1146,807,-1354.17,-193.06,TeX Live pst-geo cities.data,164
Bruckmur,Österreich,15.283333,47.416667,2712.27,508.1,2712,508,212.27,-491.9,TeX Live pst-geo cities.data,165
Brügge,Belgien,3.233333,51.216667,2544.91,455.32,2545,455,44.91,-544.68,TeX Live pst-geo cities.data,166
Brüssel,Belgien,4.333333,50.833333,2560.19,460.65,2560,461,60.19,-539.35,TeX Live pst-geo cities.data,167
Buake,Elfenbeinküste,-5.0,7.7,2430.56,1059.72,2431,1060,-69.44,59.72,TeX Live pst-geo cities.data,168
Bucaramanga,Kolumbien,-73.166667,7.133333,1483.8,1067.59,1484,1068,-1016.2,67.59,TeX Live pst-geo cities.data,169
Budapest,Ungarn,19.083333,47.5,2765.05,506.94,2765,507,265.05,-493.06,TeX Live pst-geo cities.data,170
Buenos Aires,Argentinien,-58.45,-34.6,1688.19,1647.22,1688,1647,-811.81,647.22,TeX Live pst-geo cities.data,171
Buffalo,"USA, NY",-78.866667,42.883333,1404.63,571.06,1405,571,-1095.37,-428.94,TeX Live pst-geo cities.data,172
Bujumbura,Burundi,29.316667,-3.366667,2907.18,1213.43,2907,1213,407.18,213.43,TeX Live pst-geo cities.data,173
Bukarest,Rumänien,26.1,44.433333,2862.5,549.54,2862,550,362.5,-450.46,TeX Live pst-geo cities.data,174
Bukavu,Zaire,28.833333,-2.5,2900.46,1201.39,2900,1201,400.46,201.39,TeX Live pst-geo cities.data,175
Bulawayo,Simbabwe,28.716667,-20.166667,2898.84,1446.76,2899,1447,398.84,446.76,TeX Live pst-geo cities.data,176
Buraidah,Saudi-Arabien,43.983333,26.333333,3110.88,800.93,3111,801,610.88,-199.07,TeX Live pst-geo cities.data,177
Burgas,Bulgarien,27.483333,42.5,2881.71,576.39,2882,576,381.71,-423.61,TeX Live pst-geo cities.data,178
Burlington,"USA, VT",-73.216667,44.483333,1483.1,548.84,1483,549,-1016.9,-451.16,TeX Live pst-geo cities.data,179
Bursa,Türkei,29.066667,40.2,2903.7,608.33,2904,608,403.7,-391.67,TeX Live pst-geo cities.data,180
Butare,Ruanda,29.733333,-2.583333,2912.96,1202.55,2913,1203,412.96,202.55,TeX Live pst-geo cities.data,181
Butte,"USA, MT",-112.533333,46.0,937.04,527.78,937,528,-1562.96,-472.22,TeX Live pst-geo cities.data,182
Cagayan De Oro,Philippinen,124.666667,8.483333,4231.48,1048.84,4231,1049,1731.48,48.84,TeX Live pst-geo cities.data,183
Calcutta,Indien,88.366667,22.533333,3727.31,853.7,3727,854,1227.31,-146.3,TeX Live pst-geo cities.data,184
Calgary,Kanada,-114.083333,51.05,915.51,457.64,916,458,-1584.49,-542.36,TeX Live pst-geo cities.data,185
Cali,Kolumbien,-76.516667,3.45,1437.27,1118.75,1437,1119,-1062.73,118.75,TeX Live pst-geo cities.data,186
Callao,Peru,-77.133333,-12.083333,1428.7,1334.49,1429,1334,-1071.3,334.49,TeX Live pst-geo cities.data,187
Caloocan,Philippinen,120.966667,14.633333,4180.09,963.43,4180,963,1680.09,-36.57,TeX Live pst-geo cities.data,188
Cam Ranh,Vietnam,109.233333,11.9,4017.13,1001.39,4017,1001,1517.13,1.39,TeX Live pst-geo cities.data,189
Camaguey,Kuba,-77.916667,21.416667,1417.82,869.21,1418,869,-1082.18,-130.79,TeX Live pst-geo cities.data,190
Camden,"USA, NJ",-75.116667,39.95,1456.71,611.81,1457,612,-1043.29,-388.19,TeX Live pst-geo cities.data,191
Canberra,Australien,149.166667,-35.333333,4571.76,1657.41,4572,1657,2071.76,657.41,TeX Live pst-geo cities.data,192
Canton,"USA, OH",-81.383333,40.8,1369.68,600.0,1370,600,-1130.32,-400.0,TeX Live pst-geo cities.data,193
Cap-Haitien,Haiti,-72.283333,19.783333,1496.06,891.9,1496,892,-1003.94,-108.1,TeX Live pst-geo cities.data,194
Caracas,Venezuela,-66.916667,10.5,1570.6,1020.83,1571,1021,-929.4,20.83,TeX Live pst-geo cities.data,195
Cardiff,Wales,-3.166667,51.483333,2456.02,451.62,2456,452,-43.98,-548.38,TeX Live pst-geo cities.data,196
Cartagena,Kolumbien,-75.55,10.4,1450.69,1022.22,1451,1022,-1049.31,22.22,TeX Live pst-geo cities.data,197
Casablanca,Marokko,-7.616667,33.6,2394.21,700.0,2394,700,-105.79,-300.0,TeX Live pst-geo cities.data,198
Casper,"USA, WY",-106.316667,42.85,1023.38,571.53,1023,572,-1476.62,-428.47,TeX Live pst-geo cities.data,199
Castries,St. Lucia,-60.983333,14.016667,1653.01,971.99,1653,972,-846.99,-28.01,TeX Live pst-geo cities.data,200
Catania,Italien,15.066667,37.516667,2709.26,645.6,2709,646,209.26,-354.4,TeX Live pst-geo cities.data,201
Cayenne,Französisch-Guayana,-52.333333,4.933333,1773.15,1098.15,1773,1098,-726.85,98.15,TeX Live pst-geo cities.data,202
Cebu,Philippinen,123.933333,10.283333,4221.3,1023.84,4221,1024,1721.3,23.84,TeX Live pst-geo cities.data,203
Cedar Rapids,"USA, IA",-91.666667,41.966667,1226.85,583.8,1227,584,-1273.15,-416.2,TeX Live pst-geo cities.data,204
Champaign,"USA, IL",-88.25,40.116667,1274.31,609.49,1274,609,-1225.69,-390.51,TeX Live pst-geo cities.data,205
Chania,Griechenland,24.016667,35.516667,2833.56,673.38,2834,673,333.56,-326.62,TeX Live pst-geo cities.data,206
Charkow,Sowjetunion,36.25,50.0,3003.47,472.22,3003,472,503.47,-527.78,TeX Live pst-geo cities.data,207
Charleroi,Belgien,4.45,50.416667,2561.81,466.44,2562,466,61.81,-533.56,TeX Live pst-geo cities.data,208
Charleston,"USA, SC",-79.933333,32.783333,1389.81,711.34,1390,711,-1110.19,-288.66,TeX Live pst-geo cities.data,209
Charleston,"USA, WV",-81.633333,38.35,1366.2,634.03,1366,634,-1133.8,-365.97,TeX Live pst-geo cities.data,210
Charlotte,"USA, NC",-80.85,35.216667,1377.08,677.55,1377,678,-1122.92,-322.45,TeX Live pst-geo cities.data,211
Charlottesville,"USA, VA",-78.5,38.033333,1409.72,638.43,1410,638,-1090.28,-361.57,TeX Live pst-geo cities.data,212
Chattanooga,"USA, TN",-85.316667,35.05,1315.05,679.86,1315,680,-1184.95,-320.14,TeX Live pst-geo cities.data,213
Chemnitz,Deutschland,12.916667,50.833333,2679.4,460.65,2679,461,179.4,-539.35,TeX Live pst-geo cities.data,214
Chengdu,China,104.1,30.616667,3945.83,741.44,3946,741,1445.83,-258.56,TeX Live pst-geo cities.data,215
Cheyenne,"USA, WY",-104.816667,41.133333,1044.21,595.37,1044,595,-1455.79,-404.63,TeX Live pst-geo cities.data,216
Chiang Mai,Thailand,98.983333,18.8,3874.77,905.56,3875,906,1374.77,-94.44,TeX Live pst-geo cities.data,217
Chiayi,Taiwan,120.183333,23.15,4169.21,845.14,4169,845,1669.21,-154.86,TeX Live pst-geo cities.data,218
Chicago,"USA, IL",-87.633333,41.866667,1282.87,585.19,1283,585,-1217.13,-414.81,TeX Live pst-geo cities.data,219
Chiclayo,Peru,-79.783333,-6.783333,1391.9,1260.88,1392,1261,-1108.1,260.88,TeX Live pst-geo cities.data,220
Chihuahua,Mexiko,-106.083333,28.633333,1026.62,768.98,1027,769,-1473.38,-231.02,TeX Live pst-geo cities.data,221
Chillan,Chile,-72.166667,-36.616667,1497.69,1675.23,1498,1675,-1002.31,675.23,TeX Live pst-geo cities.data,222
Chimbote,Peru,-78.566667,-9.066667,1408.8,1292.59,1409,1293,-1091.2,292.59,TeX Live pst-geo cities.data,223
Chingola,Sambia,27.883333,-12.516667,2887.27,1340.51,2887,1341,387.27,340.51,TeX Live pst-geo cities.data,224
Chittagong,Bangladesch,91.8,22.333333,3775.0,856.48,3775,856,1275.0,-143.52,TeX Live pst-geo cities.data,225
Chitungwiza,Simbabwe,31.1,-18.0,2931.94,1416.67,2932,1417,431.94,416.67,TeX Live pst-geo cities.data,226
Choluteca,Honduras,-87.166667,13.25,1289.35,982.64,1289,983,-1210.65,-17.36,TeX Live pst-geo cities.data,227
Chon Buri,Thailand,100.983333,13.4,3902.55,980.56,3903,981,1402.55,-19.44,TeX Live pst-geo cities.data,228
Chongjin,Korea Dvr,129.916667,41.833333,4304.4,585.65,4304,586,1804.4,-414.35,TeX Live pst-geo cities.data,229
Chongqing,China,106.583333,29.5,3980.32,756.94,3980,757,1480.32,-243.06,TeX Live pst-geo cities.data,230
Choybalsan,Mongolei,114.533333,48.033333,4090.74,499.54,4091,500,1590.74,-500.46,TeX Live pst-geo cities.data,231
Christchurch,Neuseeland,172.6,-43.583333,4897.22,1771.99,4897,1772,2397.22,771.99,TeX Live pst-geo cities.data,232
Chungli,Taiwan,121.133333,24.916667,4182.41,820.6,4182,821,1682.41,-179.4,TeX Live pst-geo cities.data,233
Chur,Schweiz,9.583333,46.833333,2633.1,516.2,2633,516,133.1,-483.8,TeX Live pst-geo cities.data,234
Cincinnati,"USA, OH",-84.516667,39.1,1326.16,623.61,1326,624,-1173.84,-376.39,TeX Live pst-geo cities.data,235
Circleville,"USA, OH",-83.033333,39.566667,1346.76,617.13,1347,617,-1153.24,-382.87,TeX Live pst-geo cities.data,236
Ciudad Guayana,Venezuela,-62.616667,8.366667,1630.32,1050.46,1630,1050,-869.68,50.46,TeX Live pst-geo cities.data,237
Ciudad Juarez,Mexiko,-106.483333,31.7,1021.06,726.39,1021,726,-1478.94,-273.61,TeX Live pst-geo cities.data,238
Clarksville,"USA, TN",-87.35,36.533333,1286.81,659.26,1287,659,-1213.19,-340.74,TeX Live pst-geo cities.data,239
Cleveland,"USA, OH",-81.7,41.5,1365.28,590.28,1365,590,-1134.72,-409.72,TeX Live pst-geo cities.data,240
Cochabamba,Bolivien,-66.15,-17.4,1581.25,1408.33,1581,1408,-918.75,408.33,TeX Live pst-geo cities.data,241
Coimbra,Portugal,-8.416667,40.2,2383.1,608.33,2383,608,-116.9,-391.67,TeX Live pst-geo cities.data,242
Colombo,Sri Lanka,79.85,6.933333,3609.03,1070.37,3609,1070,1109.03,70.37,TeX Live pst-geo cities.data,243
Colon,Panama,-79.9,9.35,1390.28,1036.81,1390,1037,-1109.72,36.81,TeX Live pst-geo cities.data,244
Colorado Springs,"USA, CO",-104.816667,38.833333,1044.21,627.31,1044,627,-1455.79,-372.69,TeX Live pst-geo cities.data,245
Columbia,"USA, MO",-92.333333,38.95,1217.59,625.69,1218,626,-1282.41,-374.31,TeX Live pst-geo cities.data,246
Columbia,"USA, SC",-81.033333,34.0,1374.54,694.44,1375,694,-1125.46,-305.56,TeX Live pst-geo cities.data,247
Columbus,"USA, GA",-84.983333,32.466667,1319.68,715.74,1320,716,-1180.32,-284.26,TeX Live pst-geo cities.data,248
Columbus,"USA, OH",-83.0,39.966667,1347.22,611.57,1347,612,-1152.78,-388.43,TeX Live pst-geo cities.data,249
Conakry,Guinea,-13.716667,9.516667,2309.49,1034.49,2309,1034,-190.51,34.49,TeX Live pst-geo cities.data,250
Concepcion,Chile,-73.05,-36.833333,1485.42,1678.24,1485,1678,-1014.58,678.24,TeX Live pst-geo cities.data,251
Concepcion,Paraguay,-57.433333,-23.366667,1702.31,1491.2,1702,1491,-797.69,491.2,TeX Live pst-geo cities.data,252
Concord,"USA, NH",-71.533333,43.2,1506.48,566.67,1506,567,-993.52,-433.33,TeX Live pst-geo cities.data,253
Constantine,Algerien,6.666667,36.366667,2592.59,661.57,2593,662,92.59,-338.43,TeX Live pst-geo cities.data,254
Cordoba,Argentinien,-64.183333,-31.4,1608.56,1602.78,1609,1603,-891.44,602.78,TeX Live pst-geo cities.data,255
Cork,Irland,-8.466667,51.9,2382.41,445.83,2382,446,-117.59,-554.17,TeX Live pst-geo cities.data,256
Corozal,Belize,-88.383333,18.383333,1272.45,911.34,1272,911,-1227.55,-88.66,TeX Live pst-geo cities.data,257
Corpus Christi,"USA, TX",-97.4,27.8,1147.22,780.56,1147,781,-1352.78,-219.44,TeX Live pst-geo cities.data,258
Cotonou,Benin,2.516667,6.4,2534.95,1077.78,2535,1078,34.95,77.78,TeX Live pst-geo cities.data,259
Cottbus,Deutschland,14.333333,51.766667,2699.07,447.69,2699,448,199.07,-552.31,TeX Live pst-geo cities.data,260
Craiova,Rumänien,23.783333,44.3,2830.32,551.39,2830,551,330.32,-448.61,TeX Live pst-geo cities.data,261
Cucuta,Kolumbien,-72.516667,7.916667,1492.82,1056.71,1493,1057,-1007.18,56.71,TeX Live pst-geo cities.data,262
Cuenca,Ecuador,-79.0,-2.9,1402.78,1206.94,1403,1207,-1097.22,206.94,TeX Live pst-geo cities.data,263
Curitiba,Brasilien,-49.25,-25.416667,1815.97,1519.68,1816,1520,-684.03,519.68,TeX Live pst-geo cities.data,264
Cuzco,Peru,-71.95,-13.533333,1500.69,1354.63,1501,1355,-999.31,354.63,TeX Live pst-geo cities.data,265
Da Nang,Vietnam,108.233333,16.066667,4003.24,943.52,4003,944,1503.24,-56.48,TeX Live pst-geo cities.data,266
Dachla,Sahara,-15.55,23.833333,2284.03,835.65,2284,836,-215.97,-164.35,TeX Live pst-geo cities.data,267
Dakar,Senegal,-17.433333,14.666667,2257.87,962.96,2258,963,-242.13,-37.04,TeX Live pst-geo cities.data,268
Dallas,"USA, TX",-96.8,32.783333,1155.56,711.34,1156,711,-1344.44,-288.66,TeX Live pst-geo cities.data,269
Daloa,Elfenbeinküste,-6.466667,6.933333,2410.19,1070.37,2410,1070,-89.81,70.37,TeX Live pst-geo cities.data,270
Damaskus,Syrien,36.3,33.5,3004.17,701.39,3004,701,504.17,-298.61,TeX Live pst-geo cities.data,271
Damman,Saudi-Arabien,50.1,26.416667,3195.83,799.77,3196,800,695.83,-200.23,TeX Live pst-geo cities.data,272
Danbury,"USA, CT",-73.466667,41.4,1479.63,591.67,1480,592,-1020.37,-408.33,TeX Live pst-geo cities.data,273
Dangriga,Belize,-88.216667,16.983333,1274.77,930.79,1275,931,-1225.23,-69.21,TeX Live pst-geo cities.data,274
Danzig,Polen,18.666667,54.333333,2759.26,412.04,2759,412,259.26,-587.96,TeX Live pst-geo cities.data,275
Darchan,Mongolei,109.4,46.483333,4019.44,521.06,4019,521,1519.44,-478.94,TeX Live pst-geo cities.data,276
Daressalam,Tansania,39.283333,-6.8,3045.6,1261.11,3046,1261,545.6,261.11,TeX Live pst-geo cities.data,277
Darmstadt,Deutschland,8.65,49.866667,2620.14,474.07,2620,474,120.14,-525.93,TeX Live pst-geo cities.data,278
Davao,Philippinen,125.6,7.066667,4244.44,1068.52,4244,1069,1744.44,68.52,TeX Live pst-geo cities.data,279
David,Panama,-82.433333,8.433333,1355.09,1049.54,1355,1050,-1144.91,49.54,TeX Live pst-geo cities.data,280
Dayton,"USA, OH",-84.2,39.766667,1330.56,614.35,1331,614,-1169.44,-385.65,TeX Live pst-geo cities.data,281
Daytona Beach,"USA, FL",-81.016667,29.216667,1374.77,760.88,1375,761,-1125.23,-239.12,TeX Live pst-geo cities.data,282
Debrecen,Ungarn,21.616667,47.5,2800.23,506.94,2800,507,300.23,-493.06,TeX Live pst-geo cities.data,283
Dehiwala,Sri Lanka,79.866667,6.866667,3609.26,1071.3,3609,1071,1109.26,71.3,TeX Live pst-geo cities.data,284
Deir-Ez-Zor,Syrien,40.083333,35.333333,3056.71,675.93,3057,676,556.71,-324.07,TeX Live pst-geo cities.data,285
Den Haag,Niederlande,4.316667,52.066667,2559.95,443.52,2560,444,59.95,-556.48,TeX Live pst-geo cities.data,286
Denver,"USA, CO",-104.983333,39.75,1041.9,614.58,1042,615,-1458.1,-385.42,TeX Live pst-geo cities.data,287
Des Moines,"USA, IA",-93.616667,41.583333,1199.77,589.12,1200,589,-1300.23,-410.88,TeX Live pst-geo cities.data,288
Dessau,Deutschland,12.25,51.833333,2670.14,446.76,2670,447,170.14,-553.24,TeX Live pst-geo cities.data,289
Detroit,"USA, MI",-83.05,42.333333,1346.53,578.7,1347,579,-1153.47,-421.3,TeX Live pst-geo cities.data,290
Dhaka,Bangladesch,90.416667,23.716667,3755.79,837.27,3756,837,1255.79,-162.73,TeX Live pst-geo cities.data,291
Differdingen,Luxemburg,5.883333,49.533333,2581.71,478.7,2582,479,81.71,-521.3,TeX Live pst-geo cities.data,292
Djerba,Tunesien,10.85,33.866667,2650.69,696.3,2651,696,150.69,-303.7,TeX Live pst-geo cities.data,293
Dodoma,Tansania,35.666667,-6.166667,2995.37,1252.31,2995,1252,495.37,252.31,TeX Live pst-geo cities.data,294
Doha,Katar,51.6,25.25,3216.67,815.97,3217,816,716.67,-184.03,TeX Live pst-geo cities.data,295
Donetzk,Sowjetunion,37.8,48.0,3025.0,500.0,3025,500,525.0,-500.0,TeX Live pst-geo cities.data,296
Dornbirn,Österreich,9.733333,47.416667,2635.19,508.1,2635,508,135.19,-491.9,TeX Live pst-geo cities.data,297
Dortmund,Deutschland,7.45,51.533333,2603.47,450.93,2603,451,103.47,-549.07,TeX Live pst-geo cities.data,298
Douala,Kamerun,9.716667,4.066667,2634.95,1110.19,2635,1110,134.95,110.19,TeX Live pst-geo cities.data,299
Drammen,Norwegen,10.25,59.75,2642.36,336.81,2642,337,142.36,-663.19,TeX Live pst-geo cities.data,300
Dresden,Deutschland,13.75,51.05,2690.97,457.64,2691,458,190.97,-542.36,TeX Live pst-geo cities.data,301
Dschibuti,Dschibuti,45.083333,11.5,3126.16,1006.94,3126,1007,626.16,6.94,TeX Live pst-geo cities.data,302
Dschidda,Saudi-Arabien,39.166667,21.5,3043.98,868.06,3044,868,543.98,-131.94,TeX Live pst-geo cities.data,303
Dubai,Vereinigte Arabische Emirate,55.283333,25.233333,3267.82,816.2,3268,816,767.82,-183.8,TeX Live pst-geo cities.data,304
Dublin,Irland,-6.25,53.333333,2413.19,425.93,2413,426,-86.81,-574.07,TeX Live pst-geo cities.data,305
Duedelingen,Luxemburg,6.083333,49.466667,2584.49,479.63,2584,480,84.49,-520.37,TeX Live pst-geo cities.data,306
Duisburg,Deutschland,6.75,51.433333,2593.75,452.31,2594,452,93.75,-547.69,TeX Live pst-geo cities.data,307
Duluth,"USA, MN",-92.1,46.783333,1220.83,516.9,1221,517,-1279.17,-483.1,TeX Live pst-geo cities.data,308
Dunedin,Neuseeland,170.5,-45.866667,4868.06,1803.7,4868,1804,2368.06,803.7,TeX Live pst-geo cities.data,309
Durban,Südafrika,31.0,-29.883333,2930.56,1581.71,2931,1582,430.56,581.71,TeX Live pst-geo cities.data,310
Durham,"USA, NC",-78.916667,36.0,1403.94,666.67,1404,667,-1096.06,-333.33,TeX Live pst-geo cities.data,311
Durres,Albanien,19.466667,41.3,2770.37,593.06,2770,593,270.37,-406.94,TeX Live pst-geo cities.data,312
Düsseldorf,Deutschland,6.783333,51.216667,2594.21,455.32,2594,455,94.21,-544.68,TeX Live pst-geo cities.data,313
Edinburgh,Großbritannien,-3.2,55.95,2455.56,389.58,2456,390,-44.44,-610.42,TeX Live pst-geo cities.data,314
Edmonton,Kanada,-113.466667,53.55,924.07,422.92,924,423,-1575.93,-577.08,TeX Live pst-geo cities.data,315
Eerdenet,Mongolei,100.583333,46.3,3896.99,523.61,3897,524,1396.99,-476.39,TeX Live pst-geo cities.data,316
Eindhoven,Niederlande,5.5,51.433333,2576.39,452.31,2576,452,76.39,-547.69,TeX Live pst-geo cities.data,317
Eisenstadt,Österreich,16.516667,47.85,2729.4,502.08,2729,502,229.4,-497.92,TeX Live pst-geo cities.data,318
El Alaiun,Sahara,-13.183333,27.166667,2316.9,789.35,2317,789,-183.1,-210.65,TeX Live pst-geo cities.data,320
El Paso,"USA, TX",-106.483333,31.766667,1021.06,725.46,1021,725,-1478.94,-274.54,TeX Live pst-geo cities.data,321
El-Mansoura,Ägypten,31.383333,31.05,2935.88,735.42,2936,735,435.88,-264.58,TeX Live pst-geo cities.data,319
Elizabeth,"USA, NJ",-74.216667,40.666667,1469.21,601.85,1469,602,-1030.79,-398.15,TeX Live pst-geo cities.data,322
Elmira,"USA, NY",-76.8,42.1,1433.33,581.94,1433,582,-1066.67,-418.06,TeX Live pst-geo cities.data,323
Elobied,Sudan,30.166667,13.183333,2918.98,983.56,2919,984,418.98,-16.44,TeX Live pst-geo cities.data,324
Elsinore,Dänemark,12.633333,56.05,2675.46,388.19,2675,388,175.46,-611.81,TeX Live pst-geo cities.data,325
Encarnacion,Paraguay,-55.833333,-27.333333,1724.54,1546.3,1725,1546,-775.46,546.3,TeX Live pst-geo cities.data,326
Enschede,Niederlande,6.916667,52.216667,2596.06,441.44,2596,441,96.06,-558.56,TeX Live pst-geo cities.data,327
Entebbe,Uganda,32.45,0.066667,2950.69,1165.74,2951,1166,450.69,165.74,TeX Live pst-geo cities.data,328
Erfurt,Deutschland,11.033333,50.966667,2653.24,458.8,2653,459,153.24,-541.2,TeX Live pst-geo cities.data,329
Erie,"USA, PA",-80.083333,42.116667,1387.73,581.71,1388,582,-1112.27,-418.29,TeX Live pst-geo cities.data,330
Erlangen,Deutschland,11.016667,49.6,2653.01,477.78,2653,478,153.01,-522.22,TeX Live pst-geo cities.data,331
Esbjerg,Dänemark,8.466667,55.466667,2617.59,396.3,2618,396,117.59,-603.7,TeX Live pst-geo cities.data,332
Esch,Luxemburg,6.0,49.533333,2583.33,478.7,2583,479,83.33,-521.3,TeX Live pst-geo cities.data,333
Escuintla,Guatemala,-90.783333,14.3,1239.12,968.06,1239,968,-1260.88,-31.94,TeX Live pst-geo cities.data,334
Esmeraldas,Ecuador,-79.666667,0.933333,1393.52,1153.7,1394,1154,-1106.48,153.7,TeX Live pst-geo cities.data,335
Espoo,Finnland,24.7,60.166667,2843.06,331.02,2843,331,343.06,-668.98,TeX Live pst-geo cities.data,336
Essen,Deutschland,7.016667,51.45,2597.45,452.08,2597,452,97.45,-547.92,TeX Live pst-geo cities.data,337
Eugene,"USA, OR",-123.083333,44.05,790.51,554.86,791,555,-1709.49,-445.14,TeX Live pst-geo cities.data,338
Evansville,"USA, IN",-87.566667,37.966667,1283.8,639.35,1284,639,-1216.2,-360.65,TeX Live pst-geo cities.data,339
Fairbanks,"USA, AK",-147.716667,64.85,448.38,265.97,448,266,-2051.62,-734.03,TeX Live pst-geo cities.data,340
Faisalabad,Pakistan,73.15,31.416667,3515.97,730.32,3516,730,1015.97,-269.68,TeX Live pst-geo cities.data,341
Fargo,"USA, ND",-96.783333,46.866667,1155.79,515.74,1156,516,-1344.21,-484.26,TeX Live pst-geo cities.data,342
Fayetteville,"USA, NC",-78.883333,35.05,1404.4,679.86,1404,680,-1095.6,-320.14,TeX Live pst-geo cities.data,343
Feldkirch,Österreich,9.6,47.233333,2633.33,510.65,2633,511,133.33,-489.35,TeX Live pst-geo cities.data,344
Fernando De La Mora,Paraguay,-57.6,-25.316667,1700.0,1518.29,1700,1518,-800.0,518.29,TeX Live pst-geo cities.data,345
Fes,Marokko,-5.0,34.083333,2430.56,693.29,2431,693,-69.44,-306.71,TeX Live pst-geo cities.data,346
Fianar,Madagaskar,47.083333,-21.45,3153.94,1464.58,3154,1465,653.94,464.58,TeX Live pst-geo cities.data,347
Flint,"USA, MI",-83.7,43.016667,1337.5,569.21,1338,569,-1162.5,-430.79,TeX Live pst-geo cities.data,348
Florenz,Italien,11.25,43.766667,2656.25,558.8,2656,559,156.25,-441.2,TeX Live pst-geo cities.data,349
Fort Lauderdale,"USA, FL",-80.133333,26.116667,1387.04,803.94,1387,804,-1112.96,-196.06,TeX Live pst-geo cities.data,351
Fort Smith,"USA, AR",-94.416667,35.383333,1188.66,675.23,1189,675,-1311.34,-324.77,TeX Live pst-geo cities.data,352
Fort Wayne,"USA, IN",-85.133333,41.066667,1317.59,596.3,1318,596,-1182.41,-403.7,TeX Live pst-geo cities.data,353
Fort Worth,"USA, TX",-97.333333,32.75,1148.15,711.81,1148,712,-1351.85,-288.19,TeX Live pst-geo cities.data,354
Fort-De-France,Martinique,-61.083333,14.6,1651.62,963.89,1652,964,-848.38,-36.11,TeX Live pst-geo cities.data,350
Fortaleza,Brasilien,-38.583333,-3.75,1964.12,1218.75,1964,1219,-535.88,218.75,TeX Live pst-geo cities.data,355
Francistown,Botswana,27.533333,-21.116667,2882.41,1459.95,2882,1460,382.41,459.95,TeX Live pst-geo cities.data,356
Frankfurt,Deutschland,8.683333,50.116667,2620.6,470.6,2621,471,120.6,-529.4,TeX Live pst-geo cities.data,357
Freeport,Bahamas,-78.7,26.5,1406.94,798.61,1407,799,-1093.06,-201.39,TeX Live pst-geo cities.data,358
Freetown,Sierra Leone,-13.216667,8.483333,2316.44,1048.84,2316,1049,-183.56,48.84,TeX Live pst-geo cities.data,359
Freiburg,Deutschland,7.85,48.0,2609.03,500.0,2609,500,109.03,-500.0,TeX Live pst-geo cities.data,360
Freising,Deutschland,11.733333,48.4,2662.96,494.44,2663,494,162.96,-505.56,TeX Live pst-geo cities.data,361
Fresno,"USA, CA",-119.783333,36.733333,836.34,656.48,836,656,-1663.66,-343.52,TeX Live pst-geo cities.data,362
Fribourg,Schweiz,7.166667,46.833333,2599.54,516.2,2600,516,99.54,-483.8,TeX Live pst-geo cities.data,363
Ft Lauderdale,"USA, FL",-80.133333,26.116667,1387.04,803.94,1387,804,-1112.96,-196.06,TeX Live pst-geo cities.data,364
Ft Smith,"USA, AR",-94.416667,35.383333,1188.66,675.23,1189,675,-1311.34,-324.77,TeX Live pst-geo cities.data,365
Ft Wayne,"USA, IN",-85.133333,41.066667,1317.59,596.3,1318,596,-1182.41,-403.7,TeX Live pst-geo cities.data,366
Ft Worth,"USA, TX",-97.333333,32.75,1148.15,711.81,1148,712,-1351.85,-288.19,TeX Live pst-geo cities.data,367
Fukuoka,Japan,130.35,33.65,4310.42,699.31,4310,699,1810.42,-300.69,TeX Live pst-geo cities.data,368
Funafuti,Tuvalu,179.2,-8.5,4988.89,1284.72,4989,1285,2488.89,284.72,TeX Live pst-geo cities.data,369
Funchal,Portugal,-7.5,40.133333,2395.83,609.26,2396,609,-104.17,-390.74,TeX Live pst-geo cities.data,370
Gaborone,Botswana,25.916667,-24.75,2859.95,1510.42,2860,1510,359.95,510.42,TeX Live pst-geo cities.data,371
Gainesville,"USA, FL",-82.333333,29.666667,1356.48,754.63,1356,755,-1143.52,-245.37,TeX Live pst-geo cities.data,372
Galatz,Rumänien,28.033333,45.45,2889.35,535.42,2889,535,389.35,-464.58,TeX Live pst-geo cities.data,373
Galle,Sri Lanka,80.216667,6.016667,3614.12,1083.1,3614,1083,1114.12,83.1,TeX Live pst-geo cities.data,374
Galveston,"USA, TX",-94.8,29.3,1183.33,759.72,1183,760,-1316.67,-240.28,TeX Live pst-geo cities.data,375
Galway,Irland,-9.05,53.266667,2374.31,426.85,2374,427,-125.69,-573.15,TeX Live pst-geo cities.data,376
Gao,Mali,-0.15,16.316667,2497.92,940.05,2498,940,-2.08,-59.95,TeX Live pst-geo cities.data,377
Garland,"USA, TX",-96.633333,32.9,1157.87,709.72,1158,710,-1342.13,-290.28,TeX Live pst-geo cities.data,378
Gary,"USA, IN",-87.333333,41.6,1287.04,588.89,1287,589,-1212.96,-411.11,TeX Live pst-geo cities.data,379
Gasiantep,Türkei,37.383333,37.1,3019.21,651.39,3019,651,519.21,-348.61,TeX Live pst-geo cities.data,380
Geelong,Australien,144.433333,-38.166667,4506.02,1696.76,4506,1697,2006.02,696.76,TeX Live pst-geo cities.data,381
Gelsenkirchen,Deutschland,7.1,51.516667,2598.61,451.16,2599,451,98.61,-548.84,TeX Live pst-geo cities.data,382
Geneve,Schweiz,6.166667,46.2,2585.65,525.0,2586,525,85.65,-475.0,TeX Live pst-geo cities.data,383
Gent,Belgien,3.7,51.033333,2551.39,457.87,2551,458,51.39,-542.13,TeX Live pst-geo cities.data,384
Genua,Italien,8.933333,44.4,2624.07,550.0,2624,550,124.07,-450.0,TeX Live pst-geo cities.data,385
Georgetown,Guyana,-58.166667,6.766667,1692.13,1072.69,1692,1073,-807.87,72.69,TeX Live pst-geo cities.data,386
Gera,Deutschland,12.083333,50.866667,2667.82,460.19,2668,460,167.82,-539.81,TeX Live pst-geo cities.data,387
Germiston,Südafrika,28.166667,-26.25,2891.2,1531.25,2891,1531,391.2,531.25,TeX Live pst-geo cities.data,388
Gibraltar,Gibraltar,-5.35,36.1,2425.69,665.28,2426,665,-74.31,-334.72,TeX Live pst-geo cities.data,389
Gize,Ägypten,31.166667,30.016667,2932.87,749.77,2933,750,432.87,-250.23,TeX Live pst-geo cities.data,390
Glasgow,Großbritannien,-4.266667,55.85,2440.74,390.97,2441,391,-59.26,-609.03,TeX Live pst-geo cities.data,391
Goeteborg,Schweden,11.966667,57.716667,2666.2,365.05,2666,365,166.2,-634.95,TeX Live pst-geo cities.data,392
Gold Coast,Australien,153.366667,-27.983333,4630.09,1555.32,4630,1555,2130.09,555.32,TeX Live pst-geo cities.data,393
Gorki,Sowjetunion,44.0,56.333333,3111.11,384.26,3111,384,611.11,-615.74,TeX Live pst-geo cities.data,394
Granada,Nicaragua,-85.983333,11.966667,1305.79,1000.46,1306,1000,-1194.21,0.46,TeX Live pst-geo cities.data,396
Grand Forks,"USA, ND",-97.05,47.916667,1152.08,501.16,1152,501,-1347.92,-498.84,TeX Live pst-geo cities.data,397
Grand Rapids,"USA, MI",-85.666667,42.966667,1310.19,569.91,1310,570,-1189.81,-430.09,TeX Live pst-geo cities.data,398
Graz,Österreich,15.366667,47.083333,2713.43,512.73,2713,513,213.43,-487.27,TeX Live pst-geo cities.data,399
Great Falls,"USA, MT",-111.283333,47.5,954.4,506.94,954,507,-1545.6,-493.06,TeX Live pst-geo cities.data,400
Green Bay,"USA, WI",-88.016667,44.516667,1277.55,548.38,1278,548,-1222.45,-451.62,TeX Live pst-geo cities.data,401
Greensboro,"USA, NC",-79.783333,36.066667,1391.9,665.74,1392,666,-1108.1,-334.26,TeX Live pst-geo cities.data,402
Greenville,"USA, SC",-82.4,34.85,1355.56,682.64,1356,683,-1144.44,-317.36,TeX Live pst-geo cities.data,403
Groningen,Niederlande,6.566667,53.216667,2591.2,427.55,2591,428,91.2,-572.45,TeX Live pst-geo cities.data,404
Guadalajara,Mexiko,-103.333333,20.666667,1064.81,879.63,1065,880,-1435.19,-120.37,TeX Live pst-geo cities.data,405
Guangzhou,China,113.25,23.116667,4072.92,845.6,4073,846,1572.92,-154.4,TeX Live pst-geo cities.data,406
Guantanamo,Kuba,-75.166667,19.983333,1456.02,889.12,1456,889,-1043.98,-110.88,TeX Live pst-geo cities.data,407
Guatemala City,Guatemala,-90.516667,14.633333,1242.82,963.43,1243,963,-1257.18,-36.57,TeX Live pst-geo cities.data,408
Guayaquil,Ecuador,-79.833333,-2.166667,1391.2,1196.76,1391,1197,-1108.8,196.76,TeX Live pst-geo cities.data,409
Gujranwala,Pakistan,74.183333,32.1,3530.32,720.83,3530,721,1030.32,-279.17,TeX Live pst-geo cities.data,410
Gulf Port,"USA, MS",-89.083333,30.366667,1262.73,744.91,1263,745,-1237.27,-255.09,TeX Live pst-geo cities.data,411
Gweru,Simbabwe,29.816667,-19.45,2914.12,1436.81,2914,1437,414.12,436.81,TeX Live pst-geo cities.data,412
Gyoer,Ungarn,17.666667,47.683333,2745.37,504.4,2745,504,245.37,-495.6,TeX Live pst-geo cities.data,413
Göttingen,Deutschland,9.933333,51.533333,2637.96,450.93,2638,451,137.96,-549.07,TeX Live pst-geo cities.data,395
Haarlem,Niederlande,4.633333,52.383333,2564.35,439.12,2564,439,64.35,-560.88,TeX Live pst-geo cities.data,414
Hagen,Deutschland,7.466667,51.35,2603.7,453.47,2604,453,103.7,-546.53,TeX Live pst-geo cities.data,415
Haifa,Israel,34.983333,32.816667,2985.88,710.88,2986,711,485.88,-289.12,TeX Live pst-geo cities.data,416
Haiphong,Vietnam,106.683333,20.833333,3981.71,877.31,3982,877,1481.71,-122.69,TeX Live pst-geo cities.data,417
Halle,Deutschland,11.966667,51.466667,2666.2,451.85,2666,452,166.2,-548.15,TeX Live pst-geo cities.data,418
Hallein,Österreich,13.1,47.683333,2681.94,504.4,2682,504,181.94,-495.6,TeX Live pst-geo cities.data,419
Hama,Syrien,36.666667,35.083333,3009.26,679.4,3009,679,509.26,-320.6,TeX Live pst-geo cities.data,420
Hamburg,Deutschland,10.0,53.55,2638.89,422.92,2639,423,138.89,-577.08,TeX Live pst-geo cities.data,421
Hamilton,Bermuda-Inseln,-64.766667,32.283333,1600.46,718.29,1600,718,-899.54,-281.71,TeX Live pst-geo cities.data,422
Hamilton,Kanada,-79.85,43.233333,1390.97,566.2,1391,566,-1109.03,-433.8,TeX Live pst-geo cities.data,423
Hamilton,Neuseeland,175.3,-37.766667,4934.72,1691.2,4935,1691,2434.72,691.2,TeX Live pst-geo cities.data,424
Hamm,Deutschland,7.8,51.683333,2608.33,448.84,2608,449,108.33,-551.16,TeX Live pst-geo cities.data,425
Hampton,"USA, VA",-76.333333,37.016667,1439.81,652.55,1440,653,-1060.19,-347.45,TeX Live pst-geo cities.data,426
Hannover,Deutschland,9.716667,52.366667,2634.95,439.35,2635,439,134.95,-560.65,TeX Live pst-geo cities.data,427
Hanoi,Vietnam,105.85,21.033333,3970.14,874.54,3970,875,1470.14,-125.46,TeX Live pst-geo cities.data,428
Harare,Simbabwe,31.05,-17.833333,2931.25,1414.35,2931,1414,431.25,414.35,TeX Live pst-geo cities.data,429
Harbin,China,126.683333,45.75,4259.49,531.25,4259,531,1759.49,-468.75,TeX Live pst-geo cities.data,430
Hargeisa,Somalia,44.033333,9.516667,3111.57,1034.49,3112,1034,611.57,34.49,TeX Live pst-geo cities.data,431
Harrisburg,"USA, PA",-76.883333,40.266667,1432.18,607.41,1432,607,-1067.82,-392.59,TeX Live pst-geo cities.data,432
Hartford,"USA, CT",-72.683333,41.766667,1490.51,586.57,1491,587,-1009.49,-413.43,TeX Live pst-geo cities.data,433
Havanna,Kuba,-82.366667,23.133333,1356.02,845.37,1356,845,-1143.98,-154.63,TeX Live pst-geo cities.data,434
Heidelberg,Deutschland,8.7,49.416667,2620.83,480.32,2621,480,120.83,-519.68,TeX Live pst-geo cities.data,435
Heilbronn,Deutschland,9.216667,49.133333,2628.01,484.26,2628,484,128.01,-515.74,TeX Live pst-geo cities.data,436
Helena,"USA, MT",-112.033333,46.6,943.98,519.44,944,519,-1556.02,-480.56,TeX Live pst-geo cities.data,437
Helsingborg,Schweden,12.75,56.083333,2677.08,387.73,2677,388,177.08,-612.27,TeX Live pst-geo cities.data,438
Helsinki,Finnland,24.966667,60.166667,2846.76,331.02,2847,331,346.76,-668.98,TeX Live pst-geo cities.data,439
Herat,Afghanistan,62.2,34.333333,3363.89,689.81,3364,690,863.89,-310.19,TeX Live pst-geo cities.data,440
Herne,Deutschland,7.216667,51.55,2600.23,450.69,2600,451,100.23,-549.31,TeX Live pst-geo cities.data,441
High Point,"USA, NC",-80.0,35.95,1388.89,667.36,1389,667,-1111.11,-332.64,TeX Live pst-geo cities.data,442
Hilo,"USA, HI",-155.083333,19.716667,346.06,892.82,346,893,-2153.94,-107.18,TeX Live pst-geo cities.data,443
Hiroshima,Japan,132.45,34.383333,4339.58,689.12,4340,689,1839.58,-310.88,TeX Live pst-geo cities.data,444
Ho-Chi-Minh-Stadt,Vietnam,106.666667,10.75,3981.48,1017.36,3981,1017,1481.48,17.36,TeX Live pst-geo cities.data,445
Hobart,Australien,147.333333,-42.916667,4546.3,1762.73,4546,1763,2046.3,762.73,TeX Live pst-geo cities.data,446
Hodeida,Jemen,42.966667,14.833333,3096.76,960.65,3097,961,596.76,-39.35,TeX Live pst-geo cities.data,447
Hofuf,Saudi-Arabien,49.566667,25.333333,3188.43,814.81,3188,815,688.43,-185.19,TeX Live pst-geo cities.data,448
Holguin,Kuba,-76.25,20.9,1440.97,876.39,1441,876,-1059.03,-123.61,TeX Live pst-geo cities.data,449
Holon,Israel,34.783333,32.033333,2983.1,721.76,2983,722,483.1,-278.24,TeX Live pst-geo cities.data,450
Homs,Syrien,37.283333,34.733333,3017.82,684.26,3018,684,517.82,-315.74,TeX Live pst-geo cities.data,451
Hongkong,Hongkong,114.15,22.283333,4085.42,857.18,4085,857,1585.42,-142.82,TeX Live pst-geo cities.data,452
Honiara,Salomonen,159.95,-9.466667,4721.53,1298.15,4722,1298,2221.53,298.15,TeX Live pst-geo cities.data,453
Honolulu,"USA, HI",-157.866667,21.316667,307.41,870.6,307,871,-2192.59,-129.4,TeX Live pst-geo cities.data,454
Horsens,Dänemark,10.116667,57.116667,2640.51,373.38,2641,373,140.51,-626.62,TeX Live pst-geo cities.data,455
Hospitalet,Spanien,2.1,41.35,2529.17,592.36,2529,592,29.17,-407.64,TeX Live pst-geo cities.data,456
Houston,"USA, TX",-95.366667,29.75,1175.46,753.47,1175,753,-1324.54,-246.53,TeX Live pst-geo cities.data,457
Hsinchu,Taiwan,120.983333,24.8,4180.32,822.22,4180,822,1680.32,-177.78,TeX Live pst-geo cities.data,458
Huambo,Angola,15.783333,-12.733333,2719.21,1343.52,2719,1344,219.21,343.52,TeX Live pst-geo cities.data,459
Hungnam,Korea Dvr,127.666667,39.816667,4273.15,613.66,4273,614,1773.15,-386.34,TeX Live pst-geo cities.data,460
Huntington,"USA, WV",-82.45,38.416667,1354.86,633.1,1355,633,-1145.14,-366.9,TeX Live pst-geo cities.data,461
Huntsville,"USA, AL",-86.583333,34.733333,1297.45,684.26,1297,684,-1202.55,-315.74,TeX Live pst-geo cities.data,462
Hyderabad,Indien,78.433333,17.366667,3589.35,925.46,3589,925,1089.35,-74.54,TeX Live pst-geo cities.data,463
Hyderabad,Pakistan,68.4,25.383333,3450.0,814.12,3450,814,950.0,-185.88,TeX Live pst-geo cities.data,464
Iasi,Rumänien,27.633333,47.15,2883.8,511.81,2884,512,383.8,-488.19,TeX Live pst-geo cities.data,465
Ibadan,Nigeria,3.933333,7.383333,2554.63,1064.12,2555,1064,54.63,64.12,TeX Live pst-geo cities.data,466
Ibague,Kolumbien,-75.333333,4.416667,1453.7,1105.32,1454,1105,-1046.3,105.32,TeX Live pst-geo cities.data,467
Idaho Falls,"USA, ID",-112.033333,43.483333,943.98,562.73,944,563,-1556.02,-437.27,TeX Live pst-geo cities.data,468
Iloilo,Philippinen,122.55,10.683333,4202.08,1018.29,4202,1018,1702.08,18.29,TeX Live pst-geo cities.data,469
Inchon,Korea,126.633333,37.5,4258.8,645.83,4259,646,1758.8,-354.17,TeX Live pst-geo cities.data,470
Independence,"USA, MO",-94.416667,39.1,1188.66,623.61,1189,624,-1311.34,-376.39,TeX Live pst-geo cities.data,471
Indianapolis,"USA, IN",-86.166667,39.766667,1303.24,614.35,1303,614,-1196.76,-385.65,TeX Live pst-geo cities.data,472
Innsbruck,Österreich,11.4,47.266667,2658.33,510.19,2658,510,158.33,-489.81,TeX Live pst-geo cities.data,473
Ipoh,Malaysia,101.033333,4.6,3903.24,1102.78,3903,1103,1403.24,102.78,TeX Live pst-geo cities.data,474
Iquitos,Peru,-73.216667,-3.85,1483.1,1220.14,1483,1220,-1016.9,220.14,TeX Live pst-geo cities.data,475
Iraklion,Griechenland,25.2,35.333333,2850.0,675.93,2850,676,350.0,-324.07,TeX Live pst-geo cities.data,476
Irbid,Jordanien,35.85,32.55,2997.92,714.58,2998,715,497.92,-285.42,TeX Live pst-geo cities.data,477
Irkutsk,Sowjetunion,104.333333,52.266667,3949.07,440.74,3949,441,1449.07,-559.26,TeX Live pst-geo cities.data,478
Isfahan,Iran,51.683333,32.683333,3217.82,712.73,3218,713,717.82,-287.27,TeX Live pst-geo cities.data,479
Islamabad,Pakistan,73.166667,33.7,3516.2,698.61,3516,699,1016.2,-301.39,TeX Live pst-geo cities.data,480
Istanbul,Türkei,28.966667,41.016667,2902.31,596.99,2902,597,402.31,-403.01,TeX Live pst-geo cities.data,481
Izmir,Türkei,27.166667,38.416667,2877.31,633.1,2877,633,377.31,-366.9,TeX Live pst-geo cities.data,482
Jackson,"USA, MS",-90.183333,32.3,1247.45,718.06,1247,718,-1252.55,-281.94,TeX Live pst-geo cities.data,483
Jacksonville,"USA, FL",-81.666667,30.333333,1365.74,745.37,1366,745,-1134.26,-254.63,TeX Live pst-geo cities.data,484
Jaffna,Sri Lanka,80.016667,9.666667,3611.34,1032.41,3611,1032,1111.34,32.41,TeX Live pst-geo cities.data,485
Jaipur,Indien,75.833333,26.883333,3553.24,793.29,3553,793,1053.24,-206.71,TeX Live pst-geo cities.data,486
Jakarta,Indonesien,106.816667,-6.166667,3983.56,1252.31,3984,1252,1483.56,252.31,TeX Live pst-geo cities.data,487
Jalalabad,Afghanistan,70.466667,34.433333,3478.7,688.43,3479,688,978.7,-311.57,TeX Live pst-geo cities.data,488
Jefferson City,"USA, MO",-92.166667,38.566667,1219.91,631.02,1220,631,-1280.09,-368.98,TeX Live pst-geo cities.data,489
Jena,Deutschland,11.583333,50.933333,2660.88,459.26,2661,459,160.88,-540.74,TeX Live pst-geo cities.data,490
Jerewan,Sowjetunion,44.5,40.183333,3118.06,608.56,3118,609,618.06,-391.44,TeX Live pst-geo cities.data,491
Jersey City,"USA, NJ",-74.066667,40.733333,1471.3,600.93,1471,601,-1028.7,-399.07,TeX Live pst-geo cities.data,492
Jerusalem,Israel,35.216667,31.783333,2989.12,725.23,2989,725,489.12,-274.77,TeX Live pst-geo cities.data,493
Jinja,Uganda,33.233333,0.45,2961.57,1160.42,2962,1160,461.57,160.42,TeX Live pst-geo cities.data,494
Joenkoeping,Schweden,14.166667,57.75,2696.76,364.58,2697,365,196.76,-635.42,TeX Live pst-geo cities.data,495
Johannesburg,Südafrika,28.033333,-26.166667,2889.35,1530.09,2889,1530,389.35,530.09,TeX Live pst-geo cities.data,496
Johnstown,"USA, PA",-78.916667,40.333333,1403.94,606.48,1404,606,-1096.06,-393.52,TeX Live pst-geo cities.data,497
Johore Bharu,Malaysia,103.733333,1.483333,3940.74,1146.06,3941,1146,1440.74,146.06,TeX Live pst-geo cities.data,498
Jumla,Nepal,82.166667,29.283333,3641.2,759.95,3641,760,1141.2,-240.05,TeX Live pst-geo cities.data,499
Jurong,Singapur,103.7,1.35,3940.28,1147.92,3940,1148,1440.28,147.92,TeX Live pst-geo cities.data,500
Kabul,Afghanistan,69.216667,34.5,3461.34,687.5,3461,688,961.34,-312.5,TeX Live pst-geo cities.data,501
Kaesong,Korea Dvr,126.5,37.983333,4256.94,639.12,4257,639,1756.94,-360.88,TeX Live pst-geo cities.data,502
Kairo,Ägypten,31.25,30.05,2934.03,749.31,2934,749,434.03,-250.69,TeX Live pst-geo cities.data,503
Kaiserslautern,Deutschland,7.75,49.45,2607.64,479.86,2608,480,107.64,-520.14,TeX Live pst-geo cities.data,504
Kalamazoo,"USA, MI",-85.583333,42.283333,1311.34,579.4,1311,579,-1188.66,-420.6,TeX Live pst-geo cities.data,505
Kampala,Uganda,32.583333,0.333333,2952.55,1162.04,2953,1162,452.55,162.04,TeX Live pst-geo cities.data,506
Kananga,Zaire,22.433333,-5.883333,2811.57,1248.38,2812,1248,311.57,248.38,TeX Live pst-geo cities.data,507
Kandahar,Afghanistan,65.75,31.583333,3413.19,728.01,3413,728,913.19,-271.99,TeX Live pst-geo cities.data,508
Kandy,Sri Lanka,80.666667,7.283333,3620.37,1065.51,3620,1066,1120.37,65.51,TeX Live pst-geo cities.data,509
Kankan,Guinea,-9.3,10.383333,2370.83,1022.45,2371,1022,-129.17,22.45,TeX Live pst-geo cities.data,510
Kano,Nigeria,8.5,12.0,2618.06,1000.0,2618,1000,118.06,0.0,TeX Live pst-geo cities.data,511
Kanpur,Indien,80.233333,26.45,3614.35,799.31,3614,799,1114.35,-200.69,TeX Live pst-geo cities.data,512
Kansas City,"USA, KS",-94.633333,39.116667,1185.65,623.38,1186,623,-1314.35,-376.62,TeX Live pst-geo cities.data,513
Kansas City,"USA, MO",-94.583333,39.083333,1186.34,623.84,1186,624,-1313.66,-376.16,TeX Live pst-geo cities.data,514
Kaolack,Senegal,-16.133333,14.15,2275.93,970.14,2276,970,-224.07,-29.86,TeX Live pst-geo cities.data,515
Kapfenberg,Österreich,15.3,47.433333,2712.5,507.87,2712,508,212.5,-492.13,TeX Live pst-geo cities.data,516
Kapstadt,Südafrika,18.45,-33.916667,2756.25,1637.73,2756,1638,256.25,637.73,TeX Live pst-geo cities.data,517
Karachi,Pakistan,67.05,24.866667,3431.25,821.3,3431,821,931.25,-178.7,TeX Live pst-geo cities.data,518
Karlsruhe,Deutschland,8.4,49.016667,2616.67,485.88,2617,486,116.67,-514.12,TeX Live pst-geo cities.data,519
Karonga,Malawi,35.916667,-9.9,2998.84,1304.17,2999,1304,498.84,304.17,TeX Live pst-geo cities.data,520
Kasan,Sowjetunion,49.0,55.75,3180.56,392.36,3181,392,680.56,-607.64,TeX Live pst-geo cities.data,521
Kassel,Deutschland,9.5,51.316667,2631.94,453.94,2632,454,131.94,-546.06,TeX Live pst-geo cities.data,522
Katmandu,Nepal,85.333333,27.7,3685.19,781.94,3685,782,1185.19,-218.06,TeX Live pst-geo cities.data,523
Kattowitz,Polen,18.983333,50.25,2763.66,468.75,2764,469,263.66,-531.25,TeX Live pst-geo cities.data,524
Kavala,Griechenland,24.916667,41.083333,2846.06,596.06,2846,596,346.06,-403.94,TeX Live pst-geo cities.data,525
Kawasaki,Japan,139.683333,35.533333,4440.05,673.15,4440,673,1940.05,-326.85,TeX Live pst-geo cities.data,526
Kayes,Mali,-11.466667,14.433333,2340.74,966.2,2341,966,-159.26,-33.8,TeX Live pst-geo cities.data,527
Keelung,Taiwan,121.733333,25.133333,4190.74,817.59,4191,818,1690.74,-182.41,TeX Live pst-geo cities.data,528
Keetmanshoop,Namibia,18.133333,-26.6,2751.85,1536.11,2752,1536,251.85,536.11,TeX Live pst-geo cities.data,529
Kenitra,Marokko,-6.566667,34.333333,2408.8,689.81,2409,690,-91.2,-310.19,TeX Live pst-geo cities.data,530
Key West,"USA, FL",-81.8,24.55,1363.89,825.69,1364,826,-1136.11,-174.31,TeX Live pst-geo cities.data,531
Khamis-Mushait,Saudi-Arabien,42.75,18.316667,3093.75,912.27,3094,912,593.75,-87.73,TeX Live pst-geo cities.data,532
Khaosiung,Taiwan,120.283333,22.633333,4170.6,852.31,4171,852,1670.6,-147.69,TeX Live pst-geo cities.data,533
Khartum,Sudan,32.533333,15.6,2951.85,950.0,2952,950,451.85,-50.0,TeX Live pst-geo cities.data,534
Kiel,Deutschland,10.133333,54.333333,2640.74,412.04,2641,412,140.74,-587.96,TeX Live pst-geo cities.data,535
Kiew,Sowjetunion,30.516667,50.433333,2923.84,466.2,2924,466,423.84,-533.8,TeX Live pst-geo cities.data,536
Kigali,Ruanda,30.066667,-1.933333,2917.59,1193.52,2918,1194,417.59,193.52,TeX Live pst-geo cities.data,537
Kingston,Jamaika,-76.8,18.0,1433.33,916.67,1433,917,-1066.67,-83.33,TeX Live pst-geo cities.data,538
Kingstown,St. Vincent,-61.233333,13.2,1649.54,983.33,1650,983,-850.46,-16.67,TeX Live pst-geo cities.data,539
Kinshasa,Zaire,15.3,-4.3,2712.5,1226.39,2712,1226,212.5,226.39,TeX Live pst-geo cities.data,540
Kirkuk,Irak,44.433333,35.466667,3117.13,674.07,3117,674,617.13,-325.93,TeX Live pst-geo cities.data,541
Kisangani,Zaire,25.233333,0.55,2850.46,1159.03,2850,1159,350.46,159.03,TeX Live pst-geo cities.data,542
Kisimayu,Somalia,42.516667,-0.416667,3090.51,1172.45,3091,1172,590.51,172.45,TeX Live pst-geo cities.data,543
Kisumu,Kenia,34.783333,-0.133333,2983.1,1168.52,2983,1169,483.1,168.52,TeX Live pst-geo cities.data,544
Kitakiushu,Japan,130.816667,33.866667,4316.9,696.3,4317,696,1816.9,-303.7,TeX Live pst-geo cities.data,545
Kitchener,Kanada,-80.5,43.45,1381.94,563.19,1382,563,-1118.06,-436.81,TeX Live pst-geo cities.data,546
Kitwe,Sambia,28.183333,-12.833333,2891.44,1344.91,2891,1345,391.44,344.91,TeX Live pst-geo cities.data,547
Klagenfurt,Österreich,14.333333,46.633333,2699.07,518.98,2699,519,199.07,-481.02,TeX Live pst-geo cities.data,548
Klausenburg,Rumänien,23.616667,46.783333,2828.01,516.9,2828,517,328.01,-483.1,TeX Live pst-geo cities.data,549
Klosterneuburg,Österreich,16.316667,48.3,2726.62,495.83,2727,496,226.62,-504.17,TeX Live pst-geo cities.data,550
Knoxville,"USA, TN",-83.916667,35.966667,1334.49,667.13,1334,667,-1165.51,-332.87,TeX Live pst-geo cities.data,551
Kobe,Japan,135.2,34.666667,4377.78,685.19,4378,685,1877.78,-314.81,TeX Live pst-geo cities.data,552
Koblenz,Deutschland,7.6,50.35,2605.56,467.36,2606,467,105.56,-532.64,TeX Live pst-geo cities.data,553
Koeniz,Schweiz,7.416667,46.933333,2603.01,514.81,2603,515,103.01,-485.19,TeX Live pst-geo cities.data,554
Kolding,Dänemark,9.5,55.483333,2631.94,396.06,2632,396,131.94,-603.94,TeX Live pst-geo cities.data,555
Konstanza,Rumänien,28.666667,44.2,2898.15,552.78,2898,553,398.15,-447.22,TeX Live pst-geo cities.data,557
Kopenhagen,Dänemark,12.583333,55.666667,2674.77,393.52,2675,394,174.77,-606.48,TeX Live pst-geo cities.data,558
Kortrijk,Belgien,3.283333,50.833333,2545.6,460.65,2546,461,45.6,-539.35,TeX Live pst-geo cities.data,559
Kosice,Slovakei,21.25,48.733333,2795.14,489.81,2795,490,295.14,-510.19,TeX Live pst-geo cities.data,560
Kota Bharu,Malaysia,102.25,6.116667,3920.14,1081.71,3920,1082,1420.14,81.71,TeX Live pst-geo cities.data,561
Kowloon,Hongkong,114.25,22.333333,4086.81,856.48,4087,856,1586.81,-143.52,TeX Live pst-geo cities.data,562
Krakau,Polen,19.916667,50.083333,2776.62,471.06,2777,471,276.62,-528.94,TeX Live pst-geo cities.data,563
Krefeld,Deutschland,6.566667,51.333333,2591.2,453.7,2591,454,91.2,-546.3,TeX Live pst-geo cities.data,564
Krems,Österreich,15.6,48.416667,2716.67,494.21,2717,494,216.67,-505.79,TeX Live pst-geo cities.data,565
Kristiansand,Norwegen,8.016667,58.133333,2611.34,359.26,2611,359,111.34,-640.74,TeX Live pst-geo cities.data,566
Kronstadt,Rumänien,25.583333,45.65,2855.32,532.64,2855,533,355.32,-467.36,TeX Live pst-geo cities.data,567
Kuala Lumpur,Malaysia,101.7,3.016667,3912.5,1124.77,3912,1125,1412.5,124.77,TeX Live pst-geo cities.data,568
Kuala Trengganu,Malaysia,103.116667,5.333333,3932.18,1092.59,3932,1093,1432.18,92.59,TeX Live pst-geo cities.data,569
Kuibyschew,Sowjetunion,50.15,53.2,3196.53,427.78,3197,428,696.53,-572.22,TeX Live pst-geo cities.data,570
Kumasi,Ghana,-1.583333,6.75,2478.01,1072.92,2478,1073,-21.99,72.92,TeX Live pst-geo cities.data,571
Kuopio,Finnland,27.666667,62.9,2884.26,293.06,2884,293,384.26,-706.94,TeX Live pst-geo cities.data,572
Kuwait City,Kuwait,47.983333,29.333333,3166.44,759.26,3166,759,666.44,-240.74,TeX Live pst-geo cities.data,573
Kwangju,Korea,126.866667,35.116667,4262.04,678.94,4262,679,1762.04,-321.06,TeX Live pst-geo cities.data,574
Kyoto,Japan,135.75,35.033333,4385.42,680.09,4385,680,1885.42,-319.91,TeX Live pst-geo cities.data,575
Köln,Deutschland,6.95,50.933333,2596.53,459.26,2597,459,96.53,-540.74,TeX Live pst-geo cities.data,556
La Ceiba,Honduras,-86.75,15.75,1295.14,947.92,1295,948,-1204.86,-52.08,TeX Live pst-geo cities.data,577
La Chorrera,Panama,-79.766667,8.85,1392.13,1043.75,1392,1044,-1107.87,43.75,TeX Live pst-geo cities.data,578
La Crosse,"USA, WI",-91.25,43.8,1232.64,558.33,1233,558,-1267.36,-441.67,TeX Live pst-geo cities.data,579
La Paz,Bolivien,-68.15,-16.5,1553.47,1395.83,1553,1396,-946.53,395.83,TeX Live pst-geo cities.data,580
La Plata,Argentinien,-71.833333,-44.916667,1502.31,1790.51,1502,1791,-997.69,790.51,TeX Live pst-geo cities.data,581
La Romana,Dominikanische Republik,-68.95,18.45,1542.36,910.42,1542,910,-957.64,-89.58,TeX Live pst-geo cities.data,582
La-Chaux-De-Fonds,Schweiz,6.833333,47.1,2594.91,512.5,2595,512,94.91,-487.5,TeX Live pst-geo cities.data,576
Labe,Guinea,-12.283333,11.316667,2329.4,1009.49,2329,1009,-170.6,9.49,TeX Live pst-geo cities.data,583
Lae,Papua-Neuguinea,147.0,-6.75,4541.67,1260.42,4542,1260,2041.67,260.42,TeX Live pst-geo cities.data,584
Lagos,Nigeria,3.533333,6.433333,2549.07,1077.31,2549,1077,49.07,77.31,TeX Live pst-geo cities.data,585
Lahore,Pakistan,74.366667,31.566667,3532.87,728.24,3533,728,1032.87,-271.76,TeX Live pst-geo cities.data,586
Lahti,Finnland,25.666667,61.0,2856.48,319.44,2856,319,356.48,-680.56,TeX Live pst-geo cities.data,587
Lancaster,"USA, PA",-76.3,40.033333,1440.28,610.65,1440,611,-1059.72,-389.35,TeX Live pst-geo cities.data,588
Lansing,"USA, MI",-84.55,42.733333,1325.69,573.15,1326,573,-1174.31,-426.85,TeX Live pst-geo cities.data,589
Laredo,"USA, TX",-99.5,27.5,1118.06,784.72,1118,785,-1381.94,-215.28,TeX Live pst-geo cities.data,590
Larissa,Griechenland,22.416667,39.633333,2811.34,616.2,2811,616,311.34,-383.8,TeX Live pst-geo cities.data,591
Las Cruces,"USA, NM",-106.783333,32.316667,1016.9,717.82,1017,718,-1483.1,-282.18,TeX Live pst-geo cities.data,592
Las Palmas,Spanien,-15.4,28.1,2286.11,776.39,2286,776,-213.89,-223.61,TeX Live pst-geo cities.data,593
Las Piedras,Uruguay,-56.233333,-34.7,1718.98,1648.61,1719,1649,-781.02,648.61,TeX Live pst-geo cities.data,594
Las Vegas,"USA, NV",-115.15,36.166667,900.69,664.35,901,664,-1599.31,-335.65,TeX Live pst-geo cities.data,595
Latakia,Syrien,35.783333,35.516667,2996.99,673.38,2997,673,496.99,-326.62,TeX Live pst-geo cities.data,596
Lausanne,Schweiz,6.65,46.533333,2592.36,520.37,2592,520,92.36,-479.63,TeX Live pst-geo cities.data,597
Lawrence,"USA, KS",-95.233333,38.966667,1177.31,625.46,1177,625,-1322.69,-374.54,TeX Live pst-geo cities.data,598
Lawrence,"USA, MA",-71.166667,42.7,1511.57,573.61,1512,574,-988.43,-426.39,TeX Live pst-geo cities.data,599
Le Havre,Frankreich,0.1,49.5,2501.39,479.17,2501,479,1.39,-520.83,TeX Live pst-geo cities.data,600
Leeds,Großbritannien,-1.583333,53.833333,2478.01,418.98,2478,419,-21.99,-581.02,TeX Live pst-geo cities.data,601
Leipzig,Deutschland,12.416667,51.333333,2672.45,453.7,2672,454,172.45,-546.3,TeX Live pst-geo cities.data,602
Leningrad,Sowjetunion,30.25,59.916667,2920.14,334.49,2920,334,420.14,-665.51,TeX Live pst-geo cities.data,603
Leoben,Österreich,15.1,47.383333,2709.72,508.56,2710,509,209.72,-491.44,TeX Live pst-geo cities.data,604
Leon,Mexiko,-101.666667,21.116667,1087.96,873.38,1088,873,-1412.04,-126.62,TeX Live pst-geo cities.data,605
Leverkusen,Deutschland,6.983333,51.016667,2596.99,458.1,2597,458,96.99,-541.9,TeX Live pst-geo cities.data,606
Lewiston,"USA, ME",-70.216667,44.1,1524.77,554.17,1525,554,-975.23,-445.83,TeX Live pst-geo cities.data,607
Lexington,"USA, KY",-84.5,38.05,1326.39,638.19,1326,638,-1173.61,-361.81,TeX Live pst-geo cities.data,608
Liberec,Tschechien,15.083333,50.8,2709.49,461.11,2709,461,209.49,-538.89,TeX Live pst-geo cities.data,609
Libreville,Gabun,9.416667,0.5,2630.79,1159.72,2631,1160,130.79,159.72,TeX Live pst-geo cities.data,610
Lilongwe,Malawi,33.816667,-13.966667,2969.68,1360.65,2970,1361,469.68,360.65,TeX Live pst-geo cities.data,611
Lima,Peru,-77.05,-12.05,1429.86,1334.03,1430,1334,-1070.14,334.03,TeX Live pst-geo cities.data,612
Limassol,Zypern,33.05,34.666667,2959.03,685.19,2959,685,459.03,-314.81,TeX Live pst-geo cities.data,613
Limerick,Irland,-8.633333,52.666667,2380.09,435.19,2380,435,-119.91,-564.81,TeX Live pst-geo cities.data,614
Limon,Costa Rica,-83.016667,10.0,1346.99,1027.78,1347,1028,-1153.01,27.78,TeX Live pst-geo cities.data,615
Lincoln,"USA, NE",-96.7,40.816667,1156.94,599.77,1157,600,-1343.06,-400.23,TeX Live pst-geo cities.data,616
Linden,Guyana,-58.316667,5.983333,1690.05,1083.56,1690,1084,-809.95,83.56,TeX Live pst-geo cities.data,617
Linkoeping,Schweden,15.583333,58.416667,2716.44,355.32,2716,355,216.44,-644.68,TeX Live pst-geo cities.data,618
Linz,Österreich,14.3,48.316667,2698.61,495.6,2699,496,198.61,-504.4,TeX Live pst-geo cities.data,619
Lissabon,Portugal,-9.133333,38.716667,2373.15,628.94,2373,629,-126.85,-371.06,TeX Live pst-geo cities.data,620
Little Rock,"USA, AR",-92.283333,34.75,1218.29,684.03,1218,684,-1281.71,-315.97,TeX Live pst-geo cities.data,621
Liverpool,Großbritannien,-3.0,53.383333,2458.33,425.23,2458,425,-41.67,-574.77,TeX Live pst-geo cities.data,622
Ljubljana,Slowenien,14.5,46.066667,2701.39,526.85,2701,527,201.39,-473.15,TeX Live pst-geo cities.data,623
Lodsch,Polen,19.466667,51.816667,2770.37,446.99,2770,447,270.37,-553.01,TeX Live pst-geo cities.data,624
Lome,Togo,1.216667,6.133333,2516.9,1081.48,2517,1081,16.9,81.48,TeX Live pst-geo cities.data,625
London,Großbritannien,-0.083333,51.516667,2498.84,451.16,2499,451,-1.16,-548.84,TeX Live pst-geo cities.data,626
Long Beach,"USA, CA",-118.183333,33.766667,858.56,697.69,859,698,-1641.44,-302.31,TeX Live pst-geo cities.data,627
Los Angeles,"USA, CA",-118.233333,34.05,857.87,693.75,858,694,-1642.13,-306.25,TeX Live pst-geo cities.data,628
Louisville,"USA, KY",-85.766667,38.25,1308.8,635.42,1309,635,-1191.2,-364.58,TeX Live pst-geo cities.data,629
Lowell,"USA, MA",-71.316667,42.633333,1509.49,574.54,1509,575,-990.51,-425.46,TeX Live pst-geo cities.data,630
Luanda,Angola,13.25,-8.833333,2684.03,1289.35,2684,1289,184.03,289.35,TeX Live pst-geo cities.data,631
Luang Prabang,Laos,102.166667,19.883333,3918.98,890.51,3919,891,1418.98,-109.49,TeX Live pst-geo cities.data,632
Lubango,Angola,13.5,-14.916667,2687.5,1373.84,2688,1374,187.5,373.84,TeX Live pst-geo cities.data,633
Lubbock,"USA, TX",-101.85,33.583333,1085.42,700.23,1085,700,-1414.58,-299.77,TeX Live pst-geo cities.data,634
Lublin,Polen,22.516667,51.3,2812.73,454.17,2813,454,312.73,-545.83,TeX Live pst-geo cities.data,636
Lubumbashi,Zaire,27.483333,-11.683333,2881.71,1328.94,2882,1329,381.71,328.94,TeX Live pst-geo cities.data,637
Ludwigshafen,Deutschland,8.45,49.483333,2617.36,479.4,2617,479,117.36,-520.6,TeX Live pst-geo cities.data,638
Luettich,Belgien,5.583333,50.633333,2577.55,463.43,2578,463,77.55,-536.57,TeX Live pst-geo cities.data,639
Lusaka,Sambia,28.283333,-15.416667,2892.82,1380.79,2893,1381,392.82,380.79,TeX Live pst-geo cities.data,640
Luxemburg,Luxemburg,6.116667,49.6,2584.95,477.78,2585,478,84.95,-522.22,TeX Live pst-geo cities.data,641
Luzern,Schweiz,7.916667,47.033333,2609.95,513.43,2610,513,109.95,-486.57,TeX Live pst-geo cities.data,642
Lynchburg,"USA, VA",-79.15,37.416667,1400.69,646.99,1401,647,-1099.31,-353.01,TeX Live pst-geo cities.data,643
Lyon,Frankreich,4.85,45.75,2567.36,531.25,2567,531,67.36,-468.75,TeX Live pst-geo cities.data,644
Lübeck,Deutschland,10.7,53.866667,2648.61,418.52,2649,419,148.61,-581.48,TeX Live pst-geo cities.data,635
Maastricht,Belgien,5.7,50.85,2579.17,460.42,2579,460,79.17,-539.58,TeX Live pst-geo cities.data,645
Macao,Macao,113.533333,22.2,4076.85,858.33,4077,858,1576.85,-141.67,TeX Live pst-geo cities.data,646
Machala,Ecuador,-79.95,-3.333333,1389.58,1212.96,1390,1213,-1110.42,212.96,TeX Live pst-geo cities.data,647
Machaze,Mosambik,33.433333,-20.85,2964.35,1456.25,2964,1456,464.35,456.25,TeX Live pst-geo cities.data,648
Macon,"USA, GA",-83.633333,32.833333,1338.43,710.65,1338,711,-1161.57,-289.35,TeX Live pst-geo cities.data,649
Madison,"USA, WI",-89.383333,43.066667,1258.56,568.52,1259,569,-1241.44,-431.48,TeX Live pst-geo cities.data,650
Madras,Indien,80.283333,13.083333,3615.05,984.95,3615,985,1115.05,-15.05,TeX Live pst-geo cities.data,651
Madrid,Spanien,-3.683333,40.4,2448.84,605.56,2449,606,-51.16,-394.44,TeX Live pst-geo cities.data,652
Magdeburg,Deutschland,11.616667,52.133333,2661.34,442.59,2661,443,161.34,-557.41,TeX Live pst-geo cities.data,653
Mailand,Italien,9.2,45.466667,2627.78,535.19,2628,535,127.78,-464.81,TeX Live pst-geo cities.data,654
Mainz,Deutschland,8.25,50.0,2614.58,472.22,2615,472,114.58,-527.78,TeX Live pst-geo cities.data,655
Majunga,Madagaskar,46.333333,-15.666667,3143.52,1384.26,3144,1384,643.52,384.26,TeX Live pst-geo cities.data,656
Malabo,Äquatorial-Guinea,8.8,3.75,2622.22,1114.58,2622,1115,122.22,114.58,TeX Live pst-geo cities.data,657
Malaga,Spanien,-4.416667,36.716667,2438.66,656.71,2439,657,-61.34,-343.29,TeX Live pst-geo cities.data,658
Malang,Indonesien,112.75,-7.983333,4065.97,1277.55,4066,1278,1565.97,277.55,TeX Live pst-geo cities.data,659
Malden Bridge,"USA, NY",-73.633333,42.466667,1477.31,576.85,1477,577,-1022.69,-423.15,TeX Live pst-geo cities.data,660
Male,Malediven,73.466667,4.0,3520.37,1111.11,3520,1111,1020.37,111.11,TeX Live pst-geo cities.data,661
Malmoe,Schweden,13.0,55.6,2680.56,394.44,2681,394,180.56,-605.56,TeX Live pst-geo cities.data,662
Managua,Nicaragua,-86.283333,12.15,1301.62,997.92,1302,998,-1198.38,-2.08,TeX Live pst-geo cities.data,663
Manama,Bahrain,50.633333,26.2,3203.24,802.78,3203,803,703.24,-197.22,TeX Live pst-geo cities.data,664
Manaus,Brasilien,-60.016667,-3.133333,1666.44,1210.19,1666,1210,-833.56,210.19,TeX Live pst-geo cities.data,665
Manchester,Großbritannien,-2.233333,53.466667,2468.98,424.07,2469,424,-31.02,-575.93,TeX Live pst-geo cities.data,666
Manchester,"USA, NH",-71.466667,42.983333,1507.41,569.68,1507,570,-992.59,-430.32,TeX Live pst-geo cities.data,667
Mandalay,Myanmar,96.066667,21.95,3834.26,861.81,3834,862,1334.26,-138.19,TeX Live pst-geo cities.data,668
Manila,Philippinen,120.983333,14.6,4180.32,963.89,4180,964,1680.32,-36.11,TeX Live pst-geo cities.data,669
Manizales,Kolumbien,-75.533333,5.05,1450.93,1096.53,1451,1097,-1049.07,96.53,TeX Live pst-geo cities.data,670
Mannheim,Deutschland,8.466667,49.483333,2617.59,479.4,2618,479,117.59,-520.6,TeX Live pst-geo cities.data,671
Manta,Ecuador,-80.733333,-0.983333,1378.7,1180.32,1379,1180,-1121.3,180.32,TeX Live pst-geo cities.data,672
Maputo,Mosambik,32.583333,-25.966667,2952.55,1527.31,2953,1527,452.55,527.31,TeX Live pst-geo cities.data,673
Mar Del Plata,Argentinien,-57.55,-38.0,1700.69,1694.44,1701,1694,-799.31,694.44,TeX Live pst-geo cities.data,674
Maracaibo,Venezuela,-71.616667,10.666667,1505.32,1018.52,1505,1019,-994.68,18.52,TeX Live pst-geo cities.data,675
Maracay,Venezuela,-67.6,10.25,1561.11,1024.31,1561,1024,-938.89,24.31,TeX Live pst-geo cities.data,676
Maradi,Niger,7.166667,13.483333,2599.54,979.4,2600,979,99.54,-20.6,TeX Live pst-geo cities.data,677
Maroua,Kamerun,14.333333,10.583333,2699.07,1019.68,2699,1020,199.07,19.68,TeX Live pst-geo cities.data,678
Marrakesch,Marokko,-8.0,31.816667,2388.89,724.77,2389,725,-111.11,-275.23,TeX Live pst-geo cities.data,679
Marseille,Frankreich,5.4,43.3,2575.0,565.28,2575,565,75.0,-434.72,TeX Live pst-geo cities.data,680
Maseru,Lesotho,27.483333,-29.316667,2881.71,1573.84,2882,1574,381.71,573.84,TeX Live pst-geo cities.data,681
Mashhad,Iran,52.65,36.683333,3231.25,657.18,3231,657,731.25,-342.82,TeX Live pst-geo cities.data,682
Maskat,Oman,58.633333,23.616667,3314.35,838.66,3314,839,814.35,-161.34,TeX Live pst-geo cities.data,683
Mazar-I-Sharif,Afghanistan,67.1,36.7,3431.94,656.94,3432,657,931.94,-343.06,TeX Live pst-geo cities.data,684
Mbabane,Swasiland,31.133333,-26.333333,2932.41,1532.41,2932,1532,432.41,532.41,TeX Live pst-geo cities.data,685
Mbale,Uganda,34.2,1.066667,2975.0,1151.85,2975,1152,475.0,151.85,TeX Live pst-geo cities.data,686
Mbuji-Mayi,Zaire,23.65,-6.166667,2828.47,1252.31,2828,1252,328.47,252.31,TeX Live pst-geo cities.data,687
Mechelen,Belgien,4.483333,51.033333,2562.27,457.87,2562,458,62.27,-542.13,TeX Live pst-geo cities.data,688
Medan,Indonesien,98.65,3.583333,3870.14,1116.9,3870,1117,1370.14,116.9,TeX Live pst-geo cities.data,689
Medellin,Kolumbien,-74.583333,6.25,1464.12,1079.86,1464,1080,-1035.88,79.86,TeX Live pst-geo cities.data,690
Medina,Saudi-Arabien,39.583333,24.5,3049.77,826.39,3050,826,549.77,-173.61,TeX Live pst-geo cities.data,691
Mekka,Saudi-Arabien,39.816667,21.45,3053.01,868.75,3053,869,553.01,-131.25,TeX Live pst-geo cities.data,692
Meknes,Marokko,-5.616667,33.883333,2421.99,696.06,2422,696,-78.01,-303.94,TeX Live pst-geo cities.data,693
Melbourne,Australien,145.0,-37.833333,4513.89,1692.13,4514,1692,2013.89,692.13,TeX Live pst-geo cities.data,694
Melbourne,"USA, FL",-80.6,28.083333,1380.56,776.62,1381,777,-1119.44,-223.38,TeX Live pst-geo cities.data,695
Memphis,"USA, TN",-90.05,35.15,1249.31,678.47,1249,678,-1250.69,-321.53,TeX Live pst-geo cities.data,696
Mendoza,Argentinien,-68.816667,-32.883333,1544.21,1623.38,1544,1623,-955.79,623.38,TeX Live pst-geo cities.data,697
Merida,Mexiko,-89.616667,20.966667,1255.32,875.46,1255,875,-1244.68,-124.54,TeX Live pst-geo cities.data,698
Meridian,"USA, MS",-88.7,32.366667,1268.06,717.13,1268,717,-1231.94,-282.87,TeX Live pst-geo cities.data,699
Mexicali,Mexiko,-115.5,32.6,895.83,713.89,896,714,-1604.17,-286.11,TeX Live pst-geo cities.data,700
Mexico City,Mexiko,-99.15,19.4,1122.92,897.22,1123,897,-1377.08,-102.78,TeX Live pst-geo cities.data,701
Miami,"USA, FL",-80.2,25.783333,1386.11,808.56,1386,809,-1113.89,-191.44,TeX Live pst-geo cities.data,702
Middletown,"USA, OH",-84.4,39.516667,1327.78,617.82,1328,618,-1172.22,-382.18,TeX Live pst-geo cities.data,703
Midland,"USA, TX",-102.083333,32.0,1082.18,722.22,1082,722,-1417.82,-277.78,TeX Live pst-geo cities.data,704
Milwaukee,"USA, WI",-87.9,43.033333,1279.17,568.98,1279,569,-1220.83,-431.02,TeX Live pst-geo cities.data,705
Mindelo,Kapverden,-25.0,16.9,2152.78,931.94,2153,932,-347.22,-68.06,TeX Live pst-geo cities.data,706
Minneapolis,"USA, MN",-93.266667,44.983333,1204.63,541.9,1205,542,-1295.37,-458.1,TeX Live pst-geo cities.data,707
Minsk,Sowjetunion,27.566667,53.9,2882.87,418.06,2883,418,382.87,-581.94,TeX Live pst-geo cities.data,708
Miskolc,Ungarn,20.783333,48.116667,2788.66,498.38,2789,498,288.66,-501.62,TeX Live pst-geo cities.data,709
Mobile,"USA, AL",-88.05,30.7,1277.08,740.28,1277,740,-1222.92,-259.72,TeX Live pst-geo cities.data,710
Moedling,Österreich,16.466667,48.083333,2728.7,498.84,2729,499,228.7,-501.16,TeX Live pst-geo cities.data,711
Moenchengladbach,Deutschland,6.433333,51.2,2589.35,455.56,2589,456,89.35,-544.44,TeX Live pst-geo cities.data,712
Moers,Deutschland,6.65,51.45,2592.36,452.08,2592,452,92.36,-547.92,TeX Live pst-geo cities.data,713
Mogadischu,Somalia,45.35,2.033333,3129.86,1138.43,3130,1138,629.86,138.43,TeX Live pst-geo cities.data,714
Mombasa,Kenia,39.666667,-4.066667,3050.93,1223.15,3051,1223,550.93,223.15,TeX Live pst-geo cities.data,715
Monaco,Monaco,7.416667,43.733333,2603.01,559.26,2603,559,103.01,-440.74,TeX Live pst-geo cities.data,716
Monroe,"USA, LA",-92.116667,32.5,1220.6,715.28,1221,715,-1279.4,-284.72,TeX Live pst-geo cities.data,717
Monrovia,Liberia,-10.766667,6.333333,2350.46,1078.7,2350,1079,-149.54,78.7,TeX Live pst-geo cities.data,718
Mons,Belgien,3.966667,50.466667,2555.09,465.74,2555,466,55.09,-534.26,TeX Live pst-geo cities.data,719
Monte Carlo,Monaco,7.416667,43.733333,2603.01,559.26,2603,559,103.01,-440.74,TeX Live pst-geo cities.data,720
Montego Bay,Jamaika,-77.933333,18.45,1417.59,910.42,1418,910,-1082.41,-89.58,TeX Live pst-geo cities.data,721
Monterrey,Mexiko,-100.316667,25.666667,1106.71,810.19,1107,810,-1393.29,-189.81,TeX Live pst-geo cities.data,722
Montevideo,Uruguay,-56.183333,-34.883333,1719.68,1651.16,1720,1651,-780.32,651.16,TeX Live pst-geo cities.data,723
Montgomery,"USA, AL",-86.316667,32.383333,1301.16,716.9,1301,717,-1198.84,-283.1,TeX Live pst-geo cities.data,724
Montpellier,Frankreich,3.883333,43.6,2553.94,561.11,2554,561,53.94,-438.89,TeX Live pst-geo cities.data,725
Montreal,Kanada,-73.583333,45.5,1478.01,534.72,1478,535,-1021.99,-465.28,TeX Live pst-geo cities.data,726
Mopti,Mali,-4.166667,14.483333,2442.13,965.51,2442,966,-57.87,-34.49,TeX Live pst-geo cities.data,727
Moratuwa,Sri Lanka,79.883333,6.783333,3609.49,1072.45,3609,1072,1109.49,72.45,TeX Live pst-geo cities.data,728
Moroni,Komoren,43.266667,-11.666667,3100.93,1328.7,3101,1329,600.93,328.7,TeX Live pst-geo cities.data,729
Moskau,Sowjetunion,37.583333,55.75,3021.99,392.36,3022,392,521.99,-607.64,TeX Live pst-geo cities.data,730
Mossul,Irak,43.133333,36.35,3099.07,661.81,3099,662,599.07,-338.19,TeX Live pst-geo cities.data,731
Moulmein,Myanmar,97.65,16.5,3856.25,937.5,3856,938,1356.25,-62.5,TeX Live pst-geo cities.data,732
Mount Vernon,"USA, NY",-73.816667,40.916667,1474.77,598.38,1475,598,-1025.23,-401.62,TeX Live pst-geo cities.data,733
Mukalla,Jemen,49.116667,14.566667,3182.18,964.35,3182,964,682.18,-35.65,TeX Live pst-geo cities.data,734
Multan,Pakistan,71.6,30.166667,3494.44,747.69,3494,748,994.44,-252.31,TeX Live pst-geo cities.data,736
Muncie,"USA, IN",-85.383333,40.183333,1314.12,608.56,1314,609,-1185.88,-391.44,TeX Live pst-geo cities.data,738
Mwanza,Tansania,32.933333,-2.516667,2957.41,1201.62,2957,1202,457.41,201.62,TeX Live pst-geo cities.data,740
Mülheim,Deutschland,6.883333,51.433333,2595.6,452.31,2596,452,95.6,-547.69,TeX Live pst-geo cities.data,735
München,Deutschland,11.583333,48.15,2660.88,497.92,2661,498,160.88,-502.08,TeX Live pst-geo cities.data,737
Münster,Deutschland,7.633333,51.966667,2606.02,444.91,2606,445,106.02,-555.09,TeX Live pst-geo cities.data,739
N'djamena,Tschad,14.983333,12.166667,2708.1,997.69,2708,998,208.1,-2.31,TeX Live pst-geo cities.data,758
Nacala,Mosambik,40.666667,-14.55,3064.81,1368.75,3065,1369,564.81,368.75,TeX Live pst-geo cities.data,741
Nagasaki,Japan,129.916667,32.8,4304.4,711.11,4304,711,1804.4,-288.89,TeX Live pst-geo cities.data,742
Nagoya,Japan,136.883333,35.133333,4401.16,678.7,4401,679,1901.16,-321.3,TeX Live pst-geo cities.data,743
Nagpur,Indien,79.2,21.166667,3600.0,872.69,3600,873,1100.0,-127.31,TeX Live pst-geo cities.data,744
Nairobi,Kenia,36.816667,-1.283333,3011.34,1184.49,3011,1184,511.34,184.49,TeX Live pst-geo cities.data,745
Najaf,Irak,44.316667,31.983333,3115.51,722.45,3116,722,615.51,-277.55,TeX Live pst-geo cities.data,746
Nakhon Rathisama,Thailand,102.1,15.0,3918.06,958.33,3918,958,1418.06,-41.67,TeX Live pst-geo cities.data,747
Nakhon Si Thammarat,Thailand,99.966667,8.4,3888.43,1050.0,3888,1050,1388.43,50.0,TeX Live pst-geo cities.data,748
Nakuru,Kenia,36.066667,-0.266667,3000.93,1170.37,3001,1170,500.93,170.37,TeX Live pst-geo cities.data,749
Namur,Belgien,4.866667,50.466667,2567.59,465.74,2568,466,67.59,-534.26,TeX Live pst-geo cities.data,750
Nanjing,China,118.783333,32.05,4149.77,721.53,4150,722,1649.77,-278.47,TeX Live pst-geo cities.data,751
Nantes,Frankreich,-1.55,47.216667,2478.47,510.88,2478,511,-21.53,-489.12,TeX Live pst-geo cities.data,752
Nashua,"USA, NH",-71.466667,42.75,1507.41,572.92,1507,573,-992.59,-427.08,TeX Live pst-geo cities.data,753
Nashville,"USA, TN",-86.783333,36.166667,1294.68,664.35,1295,664,-1205.32,-335.65,TeX Live pst-geo cities.data,754
Nassau,Bahamas,-77.35,25.083333,1425.69,818.29,1426,818,-1074.31,-181.71,TeX Live pst-geo cities.data,755
Natchez,"USA, MS",-91.383333,31.566667,1230.79,728.24,1231,728,-1269.21,-271.76,TeX Live pst-geo cities.data,756
Natitingou,Benin,1.483333,10.283333,2520.6,1023.84,2521,1024,20.6,23.84,TeX Live pst-geo cities.data,757
Ndola,Sambia,28.65,-13.0,2897.92,1347.22,2898,1347,397.92,347.22,TeX Live pst-geo cities.data,759
Neapel,Italien,14.25,40.833333,2697.92,599.54,2698,600,197.92,-400.46,TeX Live pst-geo cities.data,760
Nee Soon,Singapur,103.816667,1.4,3941.9,1147.22,3942,1147,1441.9,147.22,TeX Live pst-geo cities.data,761
Neu-Delhi,Indien,77.2,28.6,3572.22,769.44,3572,769,1072.22,-230.56,TeX Live pst-geo cities.data,762
Neuchatel,Schweiz,6.933333,46.983333,2596.3,514.12,2596,514,96.3,-485.88,TeX Live pst-geo cities.data,763
Neuss,Deutschland,6.7,51.2,2593.06,455.56,2593,456,93.06,-544.44,TeX Live pst-geo cities.data,764
New Bedford,"USA, MA",-70.933333,41.633333,1514.81,588.43,1515,588,-985.19,-411.57,TeX Live pst-geo cities.data,765
New Haven,"USA, CT",-72.916667,41.3,1487.27,593.06,1487,593,-1012.73,-406.94,TeX Live pst-geo cities.data,766
New Orleans,"USA, LA",-90.066667,29.95,1249.07,750.69,1249,751,-1250.93,-249.31,TeX Live pst-geo cities.data,767
New York,"USA, NY",-74.0,40.75,1472.22,600.69,1472,601,-1027.78,-399.31,TeX Live pst-geo cities.data,768
Newark,"USA, NJ",-74.166667,40.733333,1469.91,600.93,1470,601,-1030.09,-399.07,TeX Live pst-geo cities.data,769
Newcastle,Australien,151.75,-32.916667,4607.64,1623.84,4608,1624,2107.64,623.84,TeX Live pst-geo cities.data,770
Newport,"USA, RI",-71.316667,41.483333,1509.49,590.51,1509,591,-990.51,-409.49,TeX Live pst-geo cities.data,771
Newport News,"USA, VA",-76.416667,36.983333,1438.66,653.01,1439,653,-1061.34,-346.99,TeX Live pst-geo cities.data,772
Nha Trang,Vietnam,109.166667,12.25,4016.2,996.53,4016,997,1516.2,-3.47,TeX Live pst-geo cities.data,773
Niagara Falls,"USA, NY",-79.05,43.1,1402.08,568.06,1402,568,-1097.92,-431.94,TeX Live pst-geo cities.data,774
Niamey,Niger,2.083333,13.533333,2528.94,978.7,2529,979,28.94,-21.3,TeX Live pst-geo cities.data,775
Nice,Frankreich,7.25,43.7,2600.69,559.72,2601,560,100.69,-440.28,TeX Live pst-geo cities.data,776
Nijmegen,Niederlande,5.866667,51.833333,2581.48,446.76,2581,447,81.48,-553.24,TeX Live pst-geo cities.data,777
Nikosia,Zypern,33.383333,35.183333,2963.66,678.01,2964,678,463.66,-321.99,TeX Live pst-geo cities.data,778
Nisch,Jugoslawien,21.9,43.333333,2804.17,564.81,2804,565,304.17,-435.19,TeX Live pst-geo cities.data,779
Norfolk,"USA, VA",-76.283333,36.85,1440.51,654.86,1441,655,-1059.49,-345.14,TeX Live pst-geo cities.data,781
Norrkoeping,Schweden,16.166667,58.583333,2724.54,353.01,2725,353,224.54,-646.99,TeX Live pst-geo cities.data,782
Norwich,"USA, CT",-72.083333,41.516667,1498.84,590.05,1499,590,-1001.16,-409.95,TeX Live pst-geo cities.data,783
Nouadhibou,Mauretanien,-17.016667,20.9,2263.66,876.39,2264,876,-236.34,-123.61,TeX Live pst-geo cities.data,784
Nouakchott,Mauretanien,-15.966667,18.15,2278.24,914.58,2278,915,-221.76,-85.42,TeX Live pst-geo cities.data,785
Nova Iguacu,Brasilien,-43.466667,-22.75,1896.3,1482.64,1896,1483,-603.7,482.64,TeX Live pst-geo cities.data,786
Novi Sad,Jugoslawien,19.85,45.25,2775.69,538.19,2776,538,275.69,-461.81,TeX Live pst-geo cities.data,787
Novosibirsk,Sowjetunion,82.916667,55.033333,3651.62,402.31,3652,402,1151.62,-597.69,TeX Live pst-geo cities.data,788
Nuku'alofa,Tonga,-175.233333,-21.15,66.2,1460.42,66,1460,-2433.8,460.42,TeX Live pst-geo cities.data,789
Nzerekore,Guinea,-8.816667,7.75,2377.55,1059.03,2378,1059,-122.45,59.03,TeX Live pst-geo cities.data,791
Nürnberg,Deutschland,11.083333,49.45,2653.94,479.86,2654,480,153.94,-520.14,TeX Live pst-geo cities.data,790
Oakland,"USA, CA",-122.266667,37.8,801.85,641.67,802,642,-1698.15,-358.33,TeX Live pst-geo cities.data,792
Oberhausen,Deutschland,6.85,51.466667,2595.14,451.85,2595,452,95.14,-548.15,TeX Live pst-geo cities.data,793
Odense,Dänemark,10.416667,55.4,2644.68,397.22,2645,397,144.68,-602.78,TeX Live pst-geo cities.data,794
Odessa,Sowjetunion,30.733333,46.466667,2926.85,521.3,2927,521,426.85,-478.7,TeX Live pst-geo cities.data,795
Odessa,"USA, TX",-102.366667,31.85,1078.24,724.31,1078,724,-1421.76,-275.69,TeX Live pst-geo cities.data,796
Oerebro,Schweden,15.083333,59.3,2709.49,343.06,2709,343,209.49,-656.94,TeX Live pst-geo cities.data,797
Offenbach,Deutschland,8.766667,50.1,2621.76,470.83,2622,471,121.76,-529.17,TeX Live pst-geo cities.data,798
Ogbomosho,Nigeria,4.183333,8.083333,2558.1,1054.4,2558,1054,58.1,54.4,TeX Live pst-geo cities.data,799
Ogden,"USA, UT",-111.966667,41.233333,944.91,593.98,945,594,-1555.09,-406.02,TeX Live pst-geo cities.data,800
Oklahoma City,"USA, OK",-97.516667,35.466667,1145.6,674.07,1146,674,-1354.4,-325.93,TeX Live pst-geo cities.data,801
Oldenburg,Deutschland,8.2,53.166667,2613.89,428.24,2614,428,113.89,-571.76,TeX Live pst-geo cities.data,802
Olomouc,Tschechien,17.25,49.633333,2739.58,477.31,2740,477,239.58,-522.69,TeX Live pst-geo cities.data,803
Omaha,"USA, NE",-95.933333,41.266667,1167.59,593.52,1168,594,-1332.41,-406.48,TeX Live pst-geo cities.data,804
Omdurman,Sudan,32.483333,15.616667,2951.16,949.77,2951,950,451.16,-50.23,TeX Live pst-geo cities.data,805
Omsk,Sowjetunion,73.4,55.0,3519.44,402.78,3519,403,1019.44,-597.22,TeX Live pst-geo cities.data,806
Oostende,Belgien,2.916667,51.216667,2540.51,455.32,2541,455,40.51,-544.68,TeX Live pst-geo cities.data,807
Oran,Algerien,-0.633333,35.75,2491.2,670.14,2491,670,-8.8,-329.86,TeX Live pst-geo cities.data,808
Orange Walk,Belize,-88.516667,18.1,1270.6,915.28,1271,915,-1229.4,-84.72,TeX Live pst-geo cities.data,809
Oranjestad,Niederländ. Antillen,-70.033333,12.533333,1527.31,992.59,1527,993,-972.69,-7.41,TeX Live pst-geo cities.data,810
Orlando,"USA, FL",-81.383333,28.55,1369.68,770.14,1370,770,-1130.32,-229.86,TeX Live pst-geo cities.data,811
Oruro,Bolivien,-67.133333,-17.983333,1567.59,1416.44,1568,1416,-932.41,416.44,TeX Live pst-geo cities.data,812
Osaka,Japan,135.5,34.666667,4381.94,685.19,4382,685,1881.94,-314.81,TeX Live pst-geo cities.data,813
Oshkosh,"USA, WI",-88.55,44.016667,1270.14,555.32,1270,555,-1229.86,-444.68,TeX Live pst-geo cities.data,814
Osijek,Kroatien,18.683333,45.55,2759.49,534.03,2759,534,259.49,-465.97,TeX Live pst-geo cities.data,815
Oslo,Norwegen,10.733333,59.916667,2649.07,334.49,2649,334,149.07,-665.51,TeX Live pst-geo cities.data,816
Osnabrück,Deutschland,8.05,52.266667,2611.81,440.74,2612,441,111.81,-559.26,TeX Live pst-geo cities.data,817
Ostrava,Slovakei,18.25,49.833333,2753.47,474.54,2753,475,253.47,-525.46,TeX Live pst-geo cities.data,818
Ottawa,Kanada,-75.7,45.416667,1448.61,535.88,1449,536,-1051.39,-464.12,TeX Live pst-geo cities.data,819
Ouagadougou,Burkina Faso,-1.516667,12.366667,2478.94,994.91,2479,995,-21.06,-5.09,TeX Live pst-geo cities.data,820
Oujda,Marokko,-1.75,34.683333,2475.69,684.95,2476,685,-24.31,-315.05,TeX Live pst-geo cities.data,821
Oulu,Finnland,25.433333,65.0,2853.24,263.89,2853,264,353.24,-736.11,TeX Live pst-geo cities.data,822
Owensboro,"USA, KY",-87.116667,37.766667,1290.05,642.13,1290,642,-1209.95,-357.87,TeX Live pst-geo cities.data,823
Oxford,Großbritannien,-1.25,51.75,2482.64,447.92,2483,448,-17.36,-552.08,TeX Live pst-geo cities.data,824
Padang,Indonesien,120.45,-6.2,4172.92,1252.78,4173,1253,1672.92,252.78,TeX Live pst-geo cities.data,825
Paderborn,Deutschland,8.766667,51.716667,2621.76,448.38,2622,448,121.76,-551.62,TeX Live pst-geo cities.data,826
Pakse,Laos,105.833333,14.15,3969.91,970.14,3970,970,1469.91,-29.86,TeX Live pst-geo cities.data,827
Palembang,Indonesien,104.75,-2.983333,3954.86,1208.1,3955,1208,1454.86,208.1,TeX Live pst-geo cities.data,828
Palermo,Italien,13.366667,38.116667,2685.65,637.27,2686,637,185.65,-362.73,TeX Live pst-geo cities.data,829
Palm Springs,"USA, CA",-116.55,33.833333,881.25,696.76,881,697,-1618.75,-303.24,TeX Live pst-geo cities.data,830
Palma de Mallorca,Spanien,2.65,39.583333,2536.81,616.9,2537,617,36.81,-383.1,TeX Live pst-geo cities.data,831
Panama City,Panama,-79.533333,8.95,1395.37,1042.36,1395,1042,-1104.63,42.36,TeX Live pst-geo cities.data,832
Panchiao,Taiwan,121.45,25.016667,4186.81,819.21,4187,819,1686.81,-180.79,TeX Live pst-geo cities.data,833
Papeete,Tahiti,-149.566667,-17.533333,422.69,1410.19,423,1410,-2077.31,410.19,TeX Live pst-geo cities.data,834
Paramaribo,Surinam,-55.216667,5.833333,1733.1,1085.65,1733,1086,-766.9,85.65,TeX Live pst-geo cities.data,835
Paris,Frankreich,2.333333,48.866667,2532.41,487.96,2532,488,32.41,-512.04,TeX Live pst-geo cities.data,836
Pasadena,"USA, CA",-118.15,34.15,859.03,692.36,859,692,-1640.97,-307.64,TeX Live pst-geo cities.data,837
Pasay,Philippinen,121.0,14.55,4180.56,964.58,4181,965,1680.56,-35.42,TeX Live pst-geo cities.data,838
Paterson,"USA, NJ",-74.166667,40.916667,1469.91,598.38,1470,598,-1030.09,-401.62,TeX Live pst-geo cities.data,839
Patras,Griechenland,21.733333,38.233333,2801.85,635.65,2802,636,301.85,-364.35,TeX Live pst-geo cities.data,840
Pau,Frankreich,-0.366667,43.3,2494.91,565.28,2495,565,-5.09,-434.72,TeX Live pst-geo cities.data,841
Paysandu,Uruguay,-58.083333,-32.35,1693.29,1615.97,1693,1616,-806.71,615.97,TeX Live pst-geo cities.data,842
Pecs,Ungarn,18.25,46.066667,2753.47,526.85,2753,527,253.47,-473.15,TeX Live pst-geo cities.data,843
Pedro Juan Caballero,Paraguay,-55.733333,-22.5,1725.93,1479.17,1726,1479,-774.07,479.17,TeX Live pst-geo cities.data,844
Pensacola,"USA, FL",-87.216667,30.416667,1288.66,744.21,1289,744,-1211.34,-255.79,TeX Live pst-geo cities.data,845
Peoria,"USA, IL",-89.6,40.7,1255.56,601.39,1256,601,-1244.44,-398.61,TeX Live pst-geo cities.data,846
Pereira,Kolumbien,-75.766667,4.783333,1447.69,1100.23,1448,1100,-1052.31,100.23,TeX Live pst-geo cities.data,847
Perm,Sowjetunion,56.25,58.0,3281.25,361.11,3281,361,781.25,-638.89,TeX Live pst-geo cities.data,848
Perth,Australien,115.833333,-31.933333,4108.8,1610.19,4109,1610,1608.8,610.19,TeX Live pst-geo cities.data,849
Petach Tikwa,Israel,34.916667,31.866667,2984.95,724.07,2985,724,484.95,-275.93,TeX Live pst-geo cities.data,850
Petersburg,"USA, VA",-77.4,37.233333,1425.0,649.54,1425,650,-1075.0,-350.46,TeX Live pst-geo cities.data,851
Petingen,Luxemburg,5.883333,49.55,2581.71,478.47,2582,478,81.71,-521.53,TeX Live pst-geo cities.data,852
Pforzheim,Deutschland,8.7,48.883333,2620.83,487.73,2621,488,120.83,-512.27,TeX Live pst-geo cities.data,853
Philadelphia,"USA, PA",-75.15,39.95,1456.25,611.81,1456,612,-1043.75,-388.19,TeX Live pst-geo cities.data,854
Phnom Penh,Kambodscha,104.916667,11.55,3957.18,1006.25,3957,1006,1457.18,6.25,TeX Live pst-geo cities.data,855
Phoenix,"USA, AZ",-112.066667,33.45,943.52,702.08,944,702,-1556.48,-297.92,TeX Live pst-geo cities.data,856
Pinang,Malaysia,100.466667,5.5,3895.37,1090.28,3895,1090,1395.37,90.28,TeX Live pst-geo cities.data,857
Pine Bluff,"USA, AR",-92.016667,34.216667,1221.99,691.44,1222,691,-1278.01,-308.56,TeX Live pst-geo cities.data,858
Piraeus,Griechenland,23.7,37.95,2829.17,639.58,2829,640,329.17,-360.42,TeX Live pst-geo cities.data,859
Pittsburgh,"USA, PA",-80.0,40.433333,1388.89,605.09,1389,605,-1111.11,-394.91,TeX Live pst-geo cities.data,860
Pittsfield,"USA, MA",-73.25,42.45,1482.64,577.08,1483,577,-1017.36,-422.92,TeX Live pst-geo cities.data,861
Piura,Peru,-80.633333,-5.25,1380.09,1239.58,1380,1240,-1119.91,239.58,TeX Live pst-geo cities.data,862
Plovdiv,Bulgarien,24.75,42.133333,2843.75,581.48,2844,581,343.75,-418.52,TeX Live pst-geo cities.data,863
Plymouth,Großbritannien,-4.1,50.383333,2443.06,466.9,2443,467,-56.94,-533.1,TeX Live pst-geo cities.data,864
Plzen,Tschechien,13.416667,49.75,2686.34,475.69,2686,476,186.34,-524.31,TeX Live pst-geo cities.data,865
Pocatello,"USA, ID",-112.45,42.866667,938.19,571.3,938,571,-1561.81,-428.7,TeX Live pst-geo cities.data,866
Pointe-Noire,Kongo,11.883333,-4.766667,2665.05,1232.87,2665,1233,165.05,232.87,TeX Live pst-geo cities.data,867
Poona,Indien,73.966667,18.566667,3527.31,908.8,3527,909,1027.31,-91.2,TeX Live pst-geo cities.data,868
Pori,Finnland,21.75,61.466667,2802.08,312.96,2802,313,302.08,-687.04,TeX Live pst-geo cities.data,869
Port Arthur,"USA, TX",-93.933333,29.9,1195.37,751.39,1195,751,-1304.63,-248.61,TeX Live pst-geo cities.data,872
Port Elizabeth,Südafrika,25.6,-33.966667,2855.56,1638.43,2856,1638,355.56,638.43,TeX Live pst-geo cities.data,873
Port Louis,Mauritius,57.5,-20.166667,3298.61,1446.76,3299,1447,798.61,446.76,TeX Live pst-geo cities.data,874
Port Moresby,Papua-Neuguinea,147.133333,-9.483333,4543.52,1298.38,4544,1298,2043.52,298.38,TeX Live pst-geo cities.data,875
Port Of Spain,Trinidad und Tobago,-61.516667,10.65,1645.6,1018.75,1646,1019,-854.4,18.75,TeX Live pst-geo cities.data,876
Port Said,Ägypten,32.3,31.283333,2948.61,732.18,2949,732,448.61,-267.82,TeX Live pst-geo cities.data,877
Port Sudan,Sudan,37.116667,19.633333,3015.51,893.98,3016,894,515.51,-106.02,TeX Live pst-geo cities.data,878
Port Vila,Vanuatu,168.3,-17.75,4837.5,1413.19,4838,1413,2337.5,413.19,TeX Live pst-geo cities.data,879
Port-Au-Prince,Haiti,-72.333333,18.533333,1495.37,909.26,1495,909,-1004.63,-90.74,TeX Live pst-geo cities.data,870
Port-Gentil,Gabun,8.833333,-0.666667,2622.69,1175.93,2623,1176,122.69,175.93,TeX Live pst-geo cities.data,871
Portland,"USA, ME",-70.25,43.666667,1524.31,560.19,1524,560,-975.69,-439.81,TeX Live pst-geo cities.data,880
Portland,"USA, OR",-122.683333,45.516667,796.06,534.49,796,534,-1703.94,-465.51,TeX Live pst-geo cities.data,881
Porto,Portugal,-8.616667,41.15,2380.32,595.14,2380,595,-119.68,-404.86,TeX Live pst-geo cities.data,882
Porto Alegre,Brasilien,-51.216667,-30.05,1788.66,1584.03,1789,1584,-711.34,584.03,TeX Live pst-geo cities.data,883
Porto Novo,Benin,2.783333,6.5,2538.66,1076.39,2539,1076,38.66,76.39,TeX Live pst-geo cities.data,884
Portoviejo,Ecuador,-80.466667,-1.116667,1382.41,1182.18,1382,1182,-1117.59,182.18,TeX Live pst-geo cities.data,885
Portsmouth,Dominica,-61.45,15.566667,1646.53,950.46,1647,950,-853.47,-49.54,TeX Live pst-geo cities.data,886
Posen,Polen,16.883333,52.416667,2734.49,438.66,2734,439,234.49,-561.34,TeX Live pst-geo cities.data,887
Potosi,Bolivien,-65.75,-19.583333,1586.81,1438.66,1587,1439,-913.19,438.66,TeX Live pst-geo cities.data,888
Potsdam,Deutschland,13.066667,52.4,2681.48,438.89,2681,439,181.48,-561.11,TeX Live pst-geo cities.data,889
Poughkeepsie,"USA, NY",-73.933333,41.7,1473.15,587.5,1473,587,-1026.85,-412.5,TeX Live pst-geo cities.data,890
Praha,Tschechien,14.45,50.066667,2700.69,471.3,2701,471,200.69,-528.7,TeX Live pst-geo cities.data,891
Praia,Kapverden,-23.5,14.916667,2173.61,959.49,2174,959,-326.39,-40.51,TeX Live pst-geo cities.data,892
Pretoria,Südafrika,28.2,-25.75,2891.67,1524.31,2892,1524,391.67,524.31,TeX Live pst-geo cities.data,893
Providence,"USA, RI",-71.416667,41.833333,1508.1,585.65,1508,586,-991.9,-414.35,TeX Live pst-geo cities.data,894
Provo,"USA, UT",-111.65,40.233333,949.31,607.87,949,608,-1550.69,-392.13,TeX Live pst-geo cities.data,895
Puebla,Mexiko,-98.2,19.05,1136.11,902.08,1136,902,-1363.89,-97.92,TeX Live pst-geo cities.data,896
Puebla De Zaragoza,Mexiko,-100.9,28.516667,1098.61,770.6,1099,771,-1401.39,-229.4,TeX Live pst-geo cities.data,897
Pueblo,"USA, CO",-104.616667,38.266667,1046.99,635.19,1047,635,-1453.01,-364.81,TeX Live pst-geo cities.data,898
Puerto Barrios,Guatemala,-88.533333,15.683333,1270.37,948.84,1270,949,-1229.63,-51.16,TeX Live pst-geo cities.data,899
Puerto Plata,Dominikanische Republik,-70.683333,19.8,1518.29,891.67,1518,892,-981.71,-108.33,TeX Live pst-geo cities.data,900
Puerto Stroessner,Paraguay,-54.566667,-25.533333,1742.13,1521.3,1742,1521,-757.87,521.3,TeX Live pst-geo cities.data,901
Puntarenas,Costa Rica,-84.833333,10.0,1321.76,1027.78,1322,1028,-1178.24,27.78,TeX Live pst-geo cities.data,902
Pusan,Korea,129.05,35.1,4292.36,679.17,4292,679,1792.36,-320.83,TeX Live pst-geo cities.data,903
Pyoengyang,Korea Dvr,125.75,39.016667,4246.53,624.77,4247,625,1746.53,-375.23,TeX Live pst-geo cities.data,904
Pyuthan,Nepal,82.883333,28.083333,3651.16,776.62,3651,777,1151.16,-223.38,TeX Live pst-geo cities.data,905
Quebec,Kanada,-71.216667,46.816667,1510.88,516.44,1511,516,-989.12,-483.56,TeX Live pst-geo cities.data,906
Quezaltenango,Guatemala,-91.5,14.833333,1229.17,960.65,1229,961,-1270.83,-39.35,TeX Live pst-geo cities.data,907
Quezon City,Philippinen,121.033333,14.65,4181.02,963.19,4181,963,1681.02,-36.81,TeX Live pst-geo cities.data,908
Qui Nhon,Vietnam,109.183333,13.783333,4016.44,975.23,4016,975,1516.44,-24.77,TeX Live pst-geo cities.data,909
Quito,Ecuador,-78.5,-0.216667,1409.72,1169.68,1410,1170,-1090.28,169.68,TeX Live pst-geo cities.data,910
Rabat,Marokko,-6.85,34.033333,2404.86,693.98,2405,694,-95.14,-306.02,TeX Live pst-geo cities.data,911
Rabaul,Papua-Neuguinea,152.183333,-4.216667,4613.66,1225.23,4614,1225,2113.66,225.23,TeX Live pst-geo cities.data,912
Raleigh,"USA, NC",-78.633333,35.783333,1407.87,669.68,1408,670,-1092.13,-330.32,TeX Live pst-geo cities.data,913
Ramat Gan,Israel,34.8,32.066667,2983.33,721.3,2983,721,483.33,-278.7,TeX Live pst-geo cities.data,914
Rancagua,Chile,-70.75,-34.166667,1517.36,1641.2,1517,1641,-982.64,641.2,TeX Live pst-geo cities.data,915
Randers,Dänemark,10.05,56.466667,2639.58,382.41,2640,382,139.58,-617.59,TeX Live pst-geo cities.data,916
Rangoon,Myanmar,96.166667,16.783333,3835.65,933.56,3836,934,1335.65,-66.44,TeX Live pst-geo cities.data,917
Rapid City,"USA, SD",-103.233333,44.083333,1066.2,554.4,1066,554,-1433.8,-445.6,TeX Live pst-geo cities.data,918
Raqqa,Syrien,39.05,35.95,3042.36,667.36,3042,667,542.36,-332.64,TeX Live pst-geo cities.data,919
Rawalpindi,Pakistan,73.133333,33.666667,3515.74,699.07,3516,699,1015.74,-300.93,TeX Live pst-geo cities.data,920
Recife,Brasilien,-34.883333,-8.1,2015.51,1279.17,2016,1279,-484.49,279.17,TeX Live pst-geo cities.data,921
Recklinghausen,Deutschland,7.2,51.616667,2600.0,449.77,2600,450,100.0,-550.23,TeX Live pst-geo cities.data,922
Regensburg,Deutschland,12.1,49.016667,2668.06,485.88,2668,486,168.06,-514.12,TeX Live pst-geo cities.data,923
Regina,Kanada,-104.65,50.416667,1046.53,466.44,1047,466,-1453.47,-533.56,TeX Live pst-geo cities.data,924
Remich,Luxemburg,6.383333,49.55,2588.66,478.47,2589,478,88.66,-521.53,TeX Live pst-geo cities.data,925
Remscheid,Deutschland,7.2,51.183333,2600.0,455.79,2600,456,100.0,-544.21,TeX Live pst-geo cities.data,926
Reno,"USA, NV",-119.816667,39.516667,835.88,617.82,836,618,-1664.12,-382.18,TeX Live pst-geo cities.data,927
Reykjavik,Island,-21.95,64.15,2195.14,275.69,2195,276,-304.86,-724.31,TeX Live pst-geo cities.data,928
Riad,Saudi-Arabien,46.716667,24.633333,3148.84,824.54,3149,825,648.84,-175.46,TeX Live pst-geo cities.data,929
Richmond,"USA, VA",-77.433333,37.533333,1424.54,645.37,1425,645,-1075.46,-354.63,TeX Live pst-geo cities.data,930
Riga,Sowjetunion,24.1,56.95,2834.72,375.69,2835,376,334.72,-624.31,TeX Live pst-geo cities.data,931
Rio De Janeiro,Brasilien,-43.233333,-22.9,1899.54,1484.72,1900,1485,-600.46,484.72,TeX Live pst-geo cities.data,932
Rivera,Uruguay,-55.833333,-31.0,1724.54,1597.22,1725,1597,-775.46,597.22,TeX Live pst-geo cities.data,933
Riverside,"USA, CA",-117.366667,33.983333,869.91,694.68,870,695,-1630.09,-305.32,TeX Live pst-geo cities.data,934
Roanoke,"USA, VA",-79.95,37.266667,1389.58,649.07,1390,649,-1110.42,-350.93,TeX Live pst-geo cities.data,935
Rochester,"USA, MN",-92.466667,44.016667,1215.74,555.32,1216,555,-1284.26,-444.68,TeX Live pst-geo cities.data,936
Rochester,"USA, NY",-77.6,43.166667,1422.22,567.13,1422,567,-1077.78,-432.87,TeX Live pst-geo cities.data,937
Rock Island,"USA, IL",-90.566667,41.483333,1242.13,590.51,1242,591,-1257.87,-409.49,TeX Live pst-geo cities.data,938
Rockford,"USA, IL",-89.1,42.283333,1262.5,579.4,1262,579,-1237.5,-420.6,TeX Live pst-geo cities.data,939
Rom,Italien,12.483333,41.9,2673.38,584.72,2673,585,173.38,-415.28,TeX Live pst-geo cities.data,940
Roodepoort,Südafrika,27.883333,-26.166667,2887.27,1530.09,2887,1530,387.27,530.09,TeX Live pst-geo cities.data,941
Rosario,Argentinien,-60.666667,-32.95,1657.41,1624.31,1657,1624,-842.59,624.31,TeX Live pst-geo cities.data,942
Roseau,Dominica,-61.383333,15.3,1647.45,954.17,1647,954,-852.55,-45.83,TeX Live pst-geo cities.data,943
Roskilde,Dänemark,12.116667,55.65,2668.29,393.75,2668,394,168.29,-606.25,TeX Live pst-geo cities.data,944
Rostock,Deutschland,12.133333,54.083333,2668.52,415.51,2669,416,168.52,-584.49,TeX Live pst-geo cities.data,945
Rostow,Sowjetunion,39.7,47.233333,3051.39,510.65,3051,511,551.39,-489.35,TeX Live pst-geo cities.data,946
Rotterdam,Niederlande,4.483333,51.916667,2562.27,445.6,2562,446,62.27,-554.4,TeX Live pst-geo cities.data,947
Ruse,Bulgarien,27.983333,43.833333,2888.66,557.87,2889,558,388.66,-442.13,TeX Live pst-geo cities.data,948
Saarbrücken,Deutschland,7.0,49.233333,2597.22,482.87,2597,483,97.22,-517.13,TeX Live pst-geo cities.data,949
Sacramento,"USA, CA",-121.5,38.583333,812.5,630.79,812,631,-1687.5,-369.21,TeX Live pst-geo cities.data,950
Safi,Marokko,-9.333333,32.3,2370.37,718.06,2370,718,-129.63,-281.94,TeX Live pst-geo cities.data,951
Saginaw,"USA, MI",-83.933333,43.433333,1334.26,563.43,1334,563,-1165.74,-436.57,TeX Live pst-geo cities.data,952
Saint Augustine,"USA, FL",-81.316667,29.883333,1370.6,751.62,1371,752,-1129.4,-248.38,TeX Live pst-geo cities.data,955
Saint Catharine's,Kanada,-79.25,43.166667,1399.31,567.13,1399,567,-1100.69,-432.87,TeX Live pst-geo cities.data,956
Saint John's,Kanada,-52.716667,47.55,1767.82,506.25,1768,506,-732.18,-493.75,TeX Live pst-geo cities.data,957
Saint Joseph,"USA, MO",-94.85,39.766667,1182.64,614.35,1183,614,-1317.36,-385.65,TeX Live pst-geo cities.data,958
Saint Louis,"USA, MO",-90.2,38.633333,1247.22,630.09,1247,630,-1252.78,-369.91,TeX Live pst-geo cities.data,959
Saint Paul,"USA, MN",-93.1,44.95,1206.94,542.36,1207,542,-1293.06,-457.64,TeX Live pst-geo cities.data,960
Saint Petersburg,"USA, FL",-82.633333,27.766667,1352.31,781.02,1352,781,-1147.69,-218.98,TeX Live pst-geo cities.data,961
Saint-Etienne,Frankreich,4.383333,45.433333,2560.88,535.65,2561,536,60.88,-464.35,TeX Live pst-geo cities.data,953
Saint-Louis,Senegal,-16.5,16.016667,2270.83,944.21,2271,944,-229.17,-55.79,TeX Live pst-geo cities.data,954
Salem,"USA, MA",-70.883333,42.516667,1515.51,576.16,1516,576,-984.49,-423.84,TeX Live pst-geo cities.data,962
Salem,"USA, OR",-123.033333,44.933333,791.2,542.59,791,543,-1708.8,-457.41,TeX Live pst-geo cities.data,963
Salinas,"USA, CA",-121.65,36.666667,810.42,657.41,810,657,-1689.58,-342.59,TeX Live pst-geo cities.data,964
Saliyan,Nepal,82.183333,28.35,3641.44,772.92,3641,773,1141.44,-227.08,TeX Live pst-geo cities.data,965
Salt Lake City,"USA, UT",-111.883333,40.75,946.06,600.69,946,601,-1553.94,-399.31,TeX Live pst-geo cities.data,966
Salta,Argentinien,-65.416667,-24.783333,1591.44,1510.88,1591,1511,-908.56,510.88,TeX Live pst-geo cities.data,967
Salto,Uruguay,-57.833333,-31.45,1696.76,1603.47,1697,1603,-803.24,603.47,TeX Live pst-geo cities.data,968
Salvador,Brasilien,-38.516667,-12.983333,1965.05,1346.99,1965,1347,-534.95,346.99,TeX Live pst-geo cities.data,969
Salzburg,Österreich,13.05,47.8,2681.25,502.78,2681,503,181.25,-497.22,TeX Live pst-geo cities.data,970
Salzgitter,Deutschland,10.333333,52.083333,2643.52,443.29,2644,443,143.52,-556.71,TeX Live pst-geo cities.data,971
San Antonio,"USA, TX",-98.483333,29.433333,1132.18,757.87,1132,758,-1367.82,-242.13,TeX Live pst-geo cities.data,972
San Bernardino,"USA, CA",-117.283333,34.1,871.06,693.06,871,693,-1628.94,-306.94,TeX Live pst-geo cities.data,973
San Cristobal,Venezuela,-72.25,7.766667,1496.53,1058.8,1497,1059,-1003.47,58.8,TeX Live pst-geo cities.data,974
San Diego,"USA, CA",-117.15,32.716667,872.92,712.27,873,712,-1627.08,-287.73,TeX Live pst-geo cities.data,975
San Francisco,"USA, CA",-122.416667,37.783333,799.77,641.9,800,642,-1700.23,-358.1,TeX Live pst-geo cities.data,976
San Jose,Costa Rica,-84.083333,9.933333,1332.18,1028.7,1332,1029,-1167.82,28.7,TeX Live pst-geo cities.data,977
San Jose,"USA, CA",-121.883333,37.333333,807.18,648.15,807,648,-1692.82,-351.85,TeX Live pst-geo cities.data,978
San Juan,Argentinien,-68.516667,-31.533333,1548.38,1604.63,1548,1605,-951.62,604.63,TeX Live pst-geo cities.data,979
San Juan,Dominikanische Republik,-71.2,18.816667,1511.11,905.32,1511,905,-988.89,-94.68,TeX Live pst-geo cities.data,980
San Juan,Puerto Rico,-66.116667,18.466667,1581.71,910.19,1582,910,-918.29,-89.81,TeX Live pst-geo cities.data,981
San Lorenzo,Paraguay,-57.533333,-25.333333,1700.93,1518.52,1701,1519,-799.07,518.52,TeX Live pst-geo cities.data,982
San Luis Potosi,Mexiko,-100.983333,22.15,1097.45,859.03,1097,859,-1402.55,-140.97,TeX Live pst-geo cities.data,983
San Marino,San Marino,12.466667,43.916667,2673.15,556.71,2673,557,173.15,-443.29,TeX Live pst-geo cities.data,984
San Miguel,El Salvador,-88.166667,13.466667,1275.46,979.63,1275,980,-1224.54,-20.37,TeX Live pst-geo cities.data,985
San Miguel De Tucuman,Argentinien,-65.25,-26.783333,1593.75,1538.66,1594,1539,-906.25,538.66,TeX Live pst-geo cities.data,986
San Pedro Sula,Honduras,-88.016667,15.433333,1277.55,952.31,1278,952,-1222.45,-47.69,TeX Live pst-geo cities.data,987
San Salvador,El Salvador,-89.2,13.7,1261.11,976.39,1261,976,-1238.89,-23.61,TeX Live pst-geo cities.data,988
Sana,Jemen,44.2,15.383333,3113.89,953.01,3114,953,613.89,-46.99,TeX Live pst-geo cities.data,989
Sankt Poelten,Österreich,15.616667,48.216667,2716.9,496.99,2717,497,216.9,-503.01,TeX Live pst-geo cities.data,990
Sansibar,Tansania,39.2,-6.2,3044.44,1252.78,3044,1253,544.44,252.78,TeX Live pst-geo cities.data,991
Santa Ana,El Salvador,-89.516667,14.0,1256.71,972.22,1257,972,-1243.29,-27.78,TeX Live pst-geo cities.data,992
Santa Barbara,"USA, CA",-119.7,34.416667,837.5,688.66,837,689,-1662.5,-311.34,TeX Live pst-geo cities.data,993
Santa Clara,Kuba,-79.966667,22.416667,1389.35,855.32,1389,855,-1110.65,-144.68,TeX Live pst-geo cities.data,994
Santa Cruz,Bolivien,-63.166667,-17.8,1622.69,1413.89,1623,1414,-877.31,413.89,TeX Live pst-geo cities.data,995
Santa Fe,Argentinien,-60.683333,-31.583333,1657.18,1605.32,1657,1605,-842.82,605.32,TeX Live pst-geo cities.data,996
Santa Fe,"USA, NM",-105.933333,35.683333,1028.7,671.06,1029,671,-1471.3,-328.94,TeX Live pst-geo cities.data,997
Santa Rosa,"USA, CA",-122.716667,38.433333,795.6,632.87,796,633,-1704.4,-367.13,TeX Live pst-geo cities.data,998
Santiago,Dominikanische Republik,-70.666667,19.5,1518.52,895.83,1519,896,-981.48,-104.17,TeX Live pst-geo cities.data,999
Santiago,Panama,-80.983333,8.133333,1375.23,1053.7,1375,1054,-1124.77,53.7,TeX Live pst-geo cities.data,1000
Santiago De Chile,Chile,-70.666667,-33.45,1518.52,1631.25,1519,1631,-981.48,631.25,TeX Live pst-geo cities.data,1001
Santiago De Cuba,Kuba,-75.816667,20.0,1446.99,888.89,1447,889,-1053.01,-111.11,TeX Live pst-geo cities.data,1002
Santo Domingo,Dominikanische Republik,-69.9,18.466667,1529.17,910.19,1529,910,-970.83,-89.81,TeX Live pst-geo cities.data,1003
Sao Paulo,Brasilien,-46.616667,-23.533333,1852.55,1493.52,1853,1494,-647.45,493.52,TeX Live pst-geo cities.data,1004
Sao Tome,Sao Tome und Principe,6.716667,0.2,2593.29,1163.89,2593,1164,93.29,163.89,TeX Live pst-geo cities.data,1005
Sapporo,Japan,141.35,43.05,4463.19,568.75,4463,569,1963.19,-431.25,TeX Live pst-geo cities.data,1006
Sarajewo,Bosnien-Herzegowina,18.416667,43.833333,2755.79,557.87,2756,558,255.79,-442.13,TeX Live pst-geo cities.data,1007
Sarh,Tschad,18.366667,9.133333,2755.09,1039.81,2755,1040,255.09,39.81,TeX Live pst-geo cities.data,1008
Savannah,"USA, GA",-81.1,32.083333,1373.61,721.06,1374,721,-1126.39,-278.94,TeX Live pst-geo cities.data,1009
Savannakhet,Laos,104.75,16.566667,3954.86,936.57,3955,937,1454.86,-63.43,TeX Live pst-geo cities.data,1010
Schaffhausen,Schweiz,8.666667,47.666667,2620.37,504.63,2620,505,120.37,-495.37,TeX Live pst-geo cities.data,1011
Schenectady,"USA, NY",-73.95,42.816667,1472.92,571.99,1473,572,-1027.08,-428.01,TeX Live pst-geo cities.data,1012
Schwerin,Deutschland,11.383333,53.633333,2658.1,421.76,2658,422,158.1,-578.24,TeX Live pst-geo cities.data,1013
Scranton,"USA, PA",-75.666667,41.416667,1449.07,591.44,1449,591,-1050.93,-408.56,TeX Live pst-geo cities.data,1014
Seattle,"USA, WA",-122.333333,47.616667,800.93,505.32,801,505,-1699.07,-494.68,TeX Live pst-geo cities.data,1015
Segou,Mali,-6.3,13.466667,2412.5,979.63,2412,980,-87.5,-20.37,TeX Live pst-geo cities.data,1016
Semarang,Indonesien,110.483333,-6.966667,4034.49,1263.43,4034,1263,1534.49,263.43,TeX Live pst-geo cities.data,1017
Seoul,Korea,127.0,37.566667,4263.89,644.91,4264,645,1763.89,-355.09,TeX Live pst-geo cities.data,1018
Serangoon,Singapur,103.916667,1.383333,3943.29,1147.45,3943,1147,1443.29,147.45,TeX Live pst-geo cities.data,1019
Serka,Jordanien,36.1,32.066667,3001.39,721.3,3001,721,501.39,-278.7,TeX Live pst-geo cities.data,1020
Serres,Griechenland,23.516667,41.083333,2826.62,596.06,2827,596,326.62,-403.94,TeX Live pst-geo cities.data,1021
Setif,Algerien,5.4,36.183333,2575.0,664.12,2575,664,75.0,-335.88,TeX Live pst-geo cities.data,1022
Setubal,Portugal,-8.9,38.516667,2376.39,631.71,2376,632,-123.61,-368.29,TeX Live pst-geo cities.data,1023
Sevilla,Spanien,-5.983333,37.383333,2416.9,647.45,2417,647,-83.1,-352.55,TeX Live pst-geo cities.data,1024
Sfax,Tunesien,10.716667,34.75,2648.84,684.03,2649,684,148.84,-315.97,TeX Live pst-geo cities.data,1025
Shanghai,China,121.466667,31.233333,4187.04,732.87,4187,733,1687.04,-267.13,TeX Live pst-geo cities.data,1026
Sharjah,Vereinigte Arabische Emirate,55.433333,25.333333,3269.91,814.81,3270,815,769.91,-185.19,TeX Live pst-geo cities.data,1027
Sheffield,Großbritannien,-1.5,53.383333,2479.17,425.23,2479,425,-20.83,-574.77,TeX Live pst-geo cities.data,1028
Shenyang,China,123.433333,41.833333,4214.35,585.65,4214,586,1714.35,-414.35,TeX Live pst-geo cities.data,1029
Shiraz,Iran,52.566667,29.633333,3230.09,755.09,3230,755,730.09,-244.91,TeX Live pst-geo cities.data,1030
Shkoder,Albanien,19.016667,42.05,2764.12,582.64,2764,583,264.12,-417.36,TeX Live pst-geo cities.data,1031
Shreveport,"USA, LA",-93.75,32.516667,1197.92,715.05,1198,715,-1302.08,-284.95,TeX Live pst-geo cities.data,1032
Shubra Al-Khaima,Ägypten,31.25,30.1,2934.03,748.61,2934,749,434.03,-251.39,TeX Live pst-geo cities.data,1033
Sidi-Bel-Abbes,Algerien,-0.65,35.25,2490.97,677.08,2491,677,-9.03,-322.92,TeX Live pst-geo cities.data,1034
Siegen,Deutschland,8.033333,50.866667,2611.57,460.19,2612,460,111.57,-539.81,TeX Live pst-geo cities.data,1035
Siguiri,Guinea,-9.116667,11.466667,2373.38,1007.41,2373,1007,-126.62,7.41,TeX Live pst-geo cities.data,1036
Sikasso,Mali,-5.633333,11.3,2421.76,1009.72,2422,1010,-78.24,9.72,TeX Live pst-geo cities.data,1037
Singapur,Singapur,103.85,1.283333,3942.36,1148.84,3942,1149,1442.36,148.84,TeX Live pst-geo cities.data,1038
Sioux City,"USA, IA",-96.4,42.5,1161.11,576.39,1161,576,-1338.89,-423.61,TeX Live pst-geo cities.data,1039
Sioux Falls,"USA, SD",-96.733333,43.55,1156.48,561.81,1156,562,-1343.52,-438.19,TeX Live pst-geo cities.data,1040
Skopje,Mazedonien,21.483333,42.0,2798.38,583.33,2798,583,298.38,-416.67,TeX Live pst-geo cities.data,1041
Sliema,Malta,14.516667,35.916667,2701.62,667.82,2702,668,201.62,-332.18,TeX Live pst-geo cities.data,1042
Sofia,Bulgarien,23.316667,42.683333,2823.84,573.84,2824,574,323.84,-426.16,TeX Live pst-geo cities.data,1043
Solingen,Deutschland,7.083333,51.183333,2598.38,455.79,2598,456,98.38,-544.21,TeX Live pst-geo cities.data,1044
Songkhla,Thailand,100.583333,7.2,3896.99,1066.67,3897,1067,1396.99,66.67,TeX Live pst-geo cities.data,1045
Sosnowitz,Polen,19.116667,50.266667,2765.51,468.52,2766,469,265.51,-531.48,TeX Live pst-geo cities.data,1046
South Bend,"USA, IN",-86.25,41.683333,1302.08,587.73,1302,588,-1197.92,-412.27,TeX Live pst-geo cities.data,1047
Southampton,Großbritannien,-1.383333,50.9,2480.79,459.72,2481,460,-19.21,-540.28,TeX Live pst-geo cities.data,1048
Spartanburg,"USA, SC",-81.95,34.933333,1361.81,681.48,1362,681,-1138.19,-318.52,TeX Live pst-geo cities.data,1049
Split,Kroatien,16.466667,43.516667,2728.7,562.27,2729,562,228.7,-437.73,TeX Live pst-geo cities.data,1050
Spokane,"USA, WA",-117.433333,47.666667,868.98,504.63,869,505,-1631.02,-495.37,TeX Live pst-geo cities.data,1051
Springfield,"USA, IL",-89.65,39.8,1254.86,613.89,1255,614,-1245.14,-386.11,TeX Live pst-geo cities.data,1052
Springfield,"USA, MA",-72.6,42.1,1491.67,581.94,1492,582,-1008.33,-418.06,TeX Live pst-geo cities.data,1053
Springfield,"USA, MO",-93.3,37.216667,1204.17,649.77,1204,650,-1295.83,-350.23,TeX Live pst-geo cities.data,1054
St Catharine's,Kanada,-73.566667,45.4,1478.24,536.11,1478,536,-1021.76,-463.89,TeX Live pst-geo cities.data,1055
St Gallen,Schweiz,9.383333,47.416667,2630.32,508.1,2630,508,130.32,-491.9,TeX Live pst-geo cities.data,1056
St George's,Bermuda-Inseln,-64.7,32.4,1601.39,716.67,1601,717,-898.61,-283.33,TeX Live pst-geo cities.data,1057
St George's,Grenada,-61.733333,12.066667,1642.59,999.07,1643,999,-857.41,-0.93,TeX Live pst-geo cities.data,1058
St John's,Antigua,-61.833333,17.133333,1641.2,928.7,1641,929,-858.8,-71.3,TeX Live pst-geo cities.data,1059
St Laurent,Französisch-Guayana,-54.05,5.483333,1749.31,1090.51,1749,1091,-750.69,90.51,TeX Live pst-geo cities.data,1060
Stamford,"USA, CT",-73.533333,41.05,1478.7,596.53,1479,597,-1021.3,-403.47,TeX Live pst-geo cities.data,1061
Stara Zagora,Bulgarien,25.616667,42.416667,2855.79,577.55,2856,578,355.79,-422.45,TeX Live pst-geo cities.data,1062
Stavanger,Norwegen,5.75,58.966667,2579.86,347.69,2580,348,79.86,-652.31,TeX Live pst-geo cities.data,1063
Stettin,Polen,14.533333,53.416667,2701.85,424.77,2702,425,201.85,-575.23,TeX Live pst-geo cities.data,1064
Steyr,Österreich,14.416667,48.066667,2700.23,499.07,2700,499,200.23,-500.93,TeX Live pst-geo cities.data,1065
Stockholm,Schweden,18.05,59.333333,2750.69,342.59,2751,343,250.69,-657.41,TeX Live pst-geo cities.data,1066
Stockton,"USA, CA",-121.283333,37.95,815.51,639.58,816,640,-1684.49,-360.42,TeX Live pst-geo cities.data,1067
Strasbourg,Frankreich,7.75,48.583333,2607.64,491.9,2608,492,107.64,-508.1,TeX Live pst-geo cities.data,1068
Stuttgart,Deutschland,9.183333,48.766667,2627.55,489.35,2628,489,127.55,-510.65,TeX Live pst-geo cities.data,1069
Sucre,Bolivien,-65.283333,-19.033333,1593.29,1431.02,1593,1431,-906.71,431.02,TeX Live pst-geo cities.data,1070
Sudbury,Kanada,-81.0,46.5,1375.0,520.83,1375,521,-1125.0,-479.17,TeX Live pst-geo cities.data,1071
Suez,Ägypten,32.55,29.983333,2952.08,750.23,2952,750,452.08,-249.77,TeX Live pst-geo cities.data,1073
Sunnyvale,"USA, CA",-122.033333,37.383333,805.09,647.45,805,647,-1694.91,-352.55,TeX Live pst-geo cities.data,1074
Surabaya,Indonesien,112.75,-7.233333,4065.97,1267.13,4066,1267,1565.97,267.13,TeX Live pst-geo cities.data,1075
Surakarta,Indonesien,110.833333,-7.533333,4039.35,1271.3,4039,1271,1539.35,271.3,TeX Live pst-geo cities.data,1076
Suva,Fidschi,178.416667,-18.133333,4978.01,1418.52,4978,1419,2478.01,418.52,TeX Live pst-geo cities.data,1077
Swerdlowsk,Sowjetunion,60.6,56.85,3341.67,377.08,3342,377,841.67,-622.92,TeX Live pst-geo cities.data,1078
Sydney,Australien,151.2,-33.883333,4600.0,1637.27,4600,1637,2100.0,637.27,TeX Live pst-geo cities.data,1079
Syracuse,"USA, NY",-76.15,43.05,1442.36,568.75,1442,569,-1057.64,-431.25,TeX Live pst-geo cities.data,1080
Szeged,Ungarn,20.15,46.25,2779.86,524.31,2780,524,279.86,-475.69,TeX Live pst-geo cities.data,1081
Tabouk,Saudi-Arabien,36.533333,28.366667,3007.41,772.69,3007,773,507.41,-227.31,TeX Live pst-geo cities.data,1082
Tabriz,Iran,46.3,38.083333,3143.06,637.73,3143,638,643.06,-362.27,TeX Live pst-geo cities.data,1083
Tacoma,"USA, WA",-122.433333,47.25,799.54,510.42,800,510,-1700.46,-489.58,TeX Live pst-geo cities.data,1084
Taegu,Korea,128.6,35.866667,4286.11,668.52,4286,669,1786.11,-331.48,TeX Live pst-geo cities.data,1085
Taejeon,Korea,127.433333,36.333333,4269.91,662.04,4270,662,1769.91,-337.96,TeX Live pst-geo cities.data,1086
Tahoua,Niger,5.316667,14.95,2573.84,959.03,2574,959,73.84,-40.97,TeX Live pst-geo cities.data,1087
Taichung,Taiwan,120.666667,24.15,4175.93,831.25,4176,831,1675.93,-168.75,TeX Live pst-geo cities.data,1088
Taif,Saudi-Arabien,40.35,21.25,3060.42,871.53,3060,872,560.42,-128.47,TeX Live pst-geo cities.data,1089
Tainan,Taiwan,120.233333,23.016667,4169.91,846.99,4170,847,1669.91,-153.01,TeX Live pst-geo cities.data,1090
Taipeh,Taiwan,121.5,25.05,4187.5,818.75,4188,819,1687.5,-181.25,TeX Live pst-geo cities.data,1091
Tais,Jemen,44.033333,13.583333,3111.57,978.01,3112,978,611.57,-21.99,TeX Live pst-geo cities.data,1092
Talca,Chile,-71.666667,-35.466667,1504.63,1659.26,1505,1659,-995.37,659.26,TeX Live pst-geo cities.data,1093
Talcahuano,Chile,-73.166667,-36.666667,1483.8,1675.93,1484,1676,-1016.2,675.93,TeX Live pst-geo cities.data,1094
Tallahassee,"USA, FL",-84.283333,30.45,1329.4,743.75,1329,744,-1170.6,-256.25,TeX Live pst-geo cities.data,1095
Tamale,Ghana,-0.816667,9.433333,2488.66,1035.65,2489,1036,-11.34,35.65,TeX Live pst-geo cities.data,1096
Tampa,"USA, FL",-82.45,27.95,1354.86,778.47,1355,778,-1145.14,-221.53,TeX Live pst-geo cities.data,1097
Tampere,Finnland,23.75,61.533333,2829.86,312.04,2830,312,329.86,-687.96,TeX Live pst-geo cities.data,1098
Tampico,Mexiko,-97.85,22.216667,1140.97,858.1,1141,858,-1359.03,-141.9,TeX Live pst-geo cities.data,1099
Tanga,Tansania,30.833333,-5.116667,2928.24,1237.73,2928,1238,428.24,237.73,TeX Live pst-geo cities.data,1100
Tanger,Marokko,-5.833333,35.8,2418.98,669.44,2419,669,-81.02,-330.56,TeX Live pst-geo cities.data,1101
Tanta,Ägypten,31.0,30.8,2930.56,738.89,2931,739,430.56,-261.11,TeX Live pst-geo cities.data,1102
Tarawa,Kiribati,173.0,1.5,4902.78,1145.83,4903,1146,2402.78,145.83,TeX Live pst-geo cities.data,1103
Taschkent,Sowjetunion,69.3,41.333333,3462.5,592.59,3462,593,962.5,-407.41,TeX Live pst-geo cities.data,1104
Taunggyi,Myanmar,96.883333,20.916667,3845.6,876.16,3846,876,1345.6,-123.84,TeX Live pst-geo cities.data,1105
Tbilisi,Sowjetunion,44.75,41.7,3121.53,587.5,3122,587,621.53,-412.5,TeX Live pst-geo cities.data,1106
Tegucigalpa,Honduras,-87.216667,14.1,1288.66,970.83,1289,971,-1211.34,-29.17,TeX Live pst-geo cities.data,1107
Teheran,Iran,51.433333,35.666667,3214.35,671.3,3214,671,714.35,-328.7,TeX Live pst-geo cities.data,1108
Tel Aviv,Israel,34.766667,32.083333,2982.87,721.06,2983,721,482.87,-278.94,TeX Live pst-geo cities.data,1109
Temeschburg,Rumänien,21.25,45.75,2795.14,531.25,2795,531,295.14,-468.75,TeX Live pst-geo cities.data,1110
Tempe,"USA, AZ",-111.933333,33.416667,945.37,702.55,945,703,-1554.63,-297.45,TeX Live pst-geo cities.data,1111
Temuco,Chile,-72.666667,-38.75,1490.74,1704.86,1491,1705,-1009.26,704.86,TeX Live pst-geo cities.data,1112
Ternitz,Österreich,16.033333,47.716667,2722.69,503.94,2723,504,222.69,-496.06,TeX Live pst-geo cities.data,1113
Terre Haute,"USA, IN",-87.4,39.466667,1286.11,618.52,1286,619,-1213.89,-381.48,TeX Live pst-geo cities.data,1114
Tetouan,Marokko,-5.366667,35.566667,2425.46,672.69,2425,673,-74.54,-327.31,TeX Live pst-geo cities.data,1115
Thessaloniki,Griechenland,22.966667,40.633333,2818.98,602.31,2819,602,318.98,-397.69,TeX Live pst-geo cities.data,1116
Thies,Senegal,-16.866667,14.816667,2265.74,960.88,2266,961,-234.26,-39.12,TeX Live pst-geo cities.data,1117
Thimbu,Bhutan,89.75,27.533333,3746.53,784.26,3747,784,1246.53,-215.74,TeX Live pst-geo cities.data,1118
Thun,Schweiz,7.633333,46.766667,2606.02,517.13,2606,517,106.02,-482.87,TeX Live pst-geo cities.data,1119
Tianjin,China,117.2,39.133333,4127.78,623.15,4128,623,1627.78,-376.85,TeX Live pst-geo cities.data,1120
Tijuana,Mexiko,-117.016667,32.533333,874.77,714.81,875,715,-1625.23,-285.19,TeX Live pst-geo cities.data,1121
Tilburg,Niederlande,5.083333,51.566667,2570.6,450.46,2571,450,70.6,-549.54,TeX Live pst-geo cities.data,1122
Timbuktu,Mali,-3.016667,16.766667,2458.1,933.8,2458,934,-41.9,-66.2,TeX Live pst-geo cities.data,1123
Tirana,Albanien,19.833333,41.333333,2775.46,592.59,2775,593,275.46,-407.41,TeX Live pst-geo cities.data,1124
Tlemcen,Algerien,-1.35,34.883333,2481.25,682.18,2481,682,-18.75,-317.82,TeX Live pst-geo cities.data,1125
Toamasina,Madagaskar,49.383333,-18.166667,3185.88,1418.98,3186,1419,685.88,418.98,TeX Live pst-geo cities.data,1126
Tokyo,Japan,139.766667,35.7,4441.2,670.83,4441,671,1941.2,-329.17,TeX Live pst-geo cities.data,1127
Toledo,"USA, OH",-83.55,41.65,1339.58,588.19,1340,588,-1160.42,-411.81,TeX Live pst-geo cities.data,1128
Toliary,Madagaskar,43.683333,-23.333333,3106.71,1490.74,3107,1491,606.71,490.74,TeX Live pst-geo cities.data,1129
Topeka,"USA, KS",-95.666667,39.05,1171.3,624.31,1171,624,-1328.7,-375.69,TeX Live pst-geo cities.data,1130
Toronto,Kanada,-79.383333,43.65,1397.45,560.42,1397,560,-1102.55,-439.58,TeX Live pst-geo cities.data,1131
Torreon,Mexiko,-103.433333,25.55,1063.43,811.81,1063,812,-1436.57,-188.19,TeX Live pst-geo cities.data,1132
Toulouse,Frankreich,1.45,43.616667,2520.14,560.88,2520,561,20.14,-439.12,TeX Live pst-geo cities.data,1133
Tours,Frankreich,0.683333,47.383333,2509.49,508.56,2509,509,9.49,-491.44,TeX Live pst-geo cities.data,1134
Traun,Österreich,14.233333,48.216667,2697.69,496.99,2698,497,197.69,-503.01,TeX Live pst-geo cities.data,1135
Trenton,"USA, NJ",-74.766667,40.216667,1461.57,608.1,1462,608,-1038.43,-391.9,TeX Live pst-geo cities.data,1136
Tripoli,Libanon,35.833333,34.45,2997.69,688.19,2998,688,497.69,-311.81,TeX Live pst-geo cities.data,1137
Tripolis,Libyen,13.183333,32.9,2683.1,709.72,2683,710,183.1,-290.28,TeX Live pst-geo cities.data,1138
Trondheim,Norwegen,10.416667,63.416667,2644.68,285.88,2645,286,144.68,-714.12,TeX Live pst-geo cities.data,1139
Troy,"USA, NY",-73.683333,42.733333,1476.62,573.15,1477,573,-1023.38,-426.85,TeX Live pst-geo cities.data,1140
Trujillo,Peru,-79.033333,-8.116667,1402.31,1279.4,1402,1279,-1097.69,279.4,TeX Live pst-geo cities.data,1141
Tschoudjo,Togo,1.183333,8.983333,2516.44,1041.9,2516,1042,16.44,41.9,TeX Live pst-geo cities.data,1142
Tsumeb,Namibia,17.7,-19.216667,2745.83,1433.56,2746,1434,245.83,433.56,TeX Live pst-geo cities.data,1143
Tucson,"USA, AZ",-110.966667,32.216667,958.8,719.21,959,719,-1541.2,-280.79,TeX Live pst-geo cities.data,1144
Tulsa,"USA, OK",-96.0,36.15,1166.67,664.58,1167,665,-1333.33,-335.42,TeX Live pst-geo cities.data,1145
Tunis,Tunesien,10.2,36.8,2641.67,655.56,2642,656,141.67,-344.44,TeX Live pst-geo cities.data,1146
Turin,Italien,7.666667,45.05,2606.48,540.97,2606,541,106.48,-459.03,TeX Live pst-geo cities.data,1147
Turku,Finnland,22.25,60.45,2809.03,327.08,2809,327,309.03,-672.92,TeX Live pst-geo cities.data,1148
Tuscaloosa,"USA, AL",-87.566667,33.2,1283.8,705.56,1284,706,-1216.2,-294.44,TeX Live pst-geo cities.data,1149
Ujung Padang,Indonesien,119.466667,-5.15,4159.26,1238.19,4159,1238,1659.26,238.19,TeX Live pst-geo cities.data,1150
Ulan Bator,Mongolei,106.883333,47.916667,3984.49,501.16,3984,501,1484.49,-498.84,TeX Live pst-geo cities.data,1151
Ulm,Deutschland,10.0,48.416667,2638.89,494.21,2639,494,138.89,-505.79,TeX Live pst-geo cities.data,1152
Umhlazi,Südafrika,31.0,-29.883333,2930.56,1581.71,2931,1582,430.56,581.71,TeX Live pst-geo cities.data,1153
Uppsala,Schweden,17.633333,59.916667,2744.91,334.49,2745,334,244.91,-665.51,TeX Live pst-geo cities.data,1154
Utica,"USA, NY",-75.233333,43.1,1455.09,568.06,1455,568,-1044.91,-431.94,TeX Live pst-geo cities.data,1155
Utrecht,Niederlande,5.116667,52.1,2571.06,443.06,2571,443,71.06,-556.94,TeX Live pst-geo cities.data,1156
Vaduz,Lichtenstein,9.533333,47.133333,2632.41,512.04,2632,512,132.41,-487.96,TeX Live pst-geo cities.data,1157
Vaesteras,Schweden,16.533333,59.6,2729.63,338.89,2730,339,229.63,-661.11,TeX Live pst-geo cities.data,1158
Valencia,Spanien,-0.366667,39.466667,2494.91,618.52,2495,619,-5.09,-381.48,TeX Live pst-geo cities.data,1159
Valencia,Venezuela,-68.0,10.183333,1555.56,1025.23,1556,1025,-944.44,25.23,TeX Live pst-geo cities.data,1160
Valladolid,Spanien,-4.75,41.65,2434.03,588.19,2434,588,-65.97,-411.81,TeX Live pst-geo cities.data,1161
Valletta,Malta,14.533333,35.9,2701.85,668.06,2702,668,201.85,-331.94,TeX Live pst-geo cities.data,1162
Valparaiso,Chile,-71.666667,-33.083333,1504.63,1626.16,1505,1626,-995.37,626.16,TeX Live pst-geo cities.data,1163
Vancouver,Kanada,-123.116667,49.283333,790.05,482.18,790,482,-1709.95,-517.82,TeX Live pst-geo cities.data,1164
Vantaa,Finnland,24.95,60.3,2846.53,329.17,2847,329,346.53,-670.83,TeX Live pst-geo cities.data,1165
Varna,Bulgarien,27.95,43.2,2888.19,566.67,2888,567,388.19,-433.33,TeX Live pst-geo cities.data,1166
Vejle,Dänemark,9.55,55.716667,2632.64,392.82,2633,393,132.64,-607.18,TeX Live pst-geo cities.data,1167
Venedig,Italien,12.35,45.45,2671.53,535.42,2672,535,171.53,-464.58,TeX Live pst-geo cities.data,1168
Vera Cruz,Mexiko,-96.133333,19.2,1164.81,900.0,1165,900,-1335.19,-100.0,TeX Live pst-geo cities.data,1169
Victoria,Hongkong,114.216667,22.266667,4086.34,857.41,4086,857,1586.34,-142.59,TeX Live pst-geo cities.data,1170
Victoria,Kanada,-123.366667,48.416667,786.57,494.21,787,494,-1713.43,-505.79,TeX Live pst-geo cities.data,1171
Victoria,Seschellen,55.466667,-4.633333,3270.37,1231.02,3270,1231,770.37,231.02,TeX Live pst-geo cities.data,1172
Vientiane,Laos,102.6,17.966667,3925.0,917.13,3925,917,1425.0,-82.87,TeX Live pst-geo cities.data,1173
Vila Nova De Gaia,Portugal,-8.666667,41.066667,2379.63,596.3,2380,596,-120.37,-403.7,TeX Live pst-geo cities.data,1174
Villach,Österreich,13.85,46.616667,2692.36,519.21,2692,519,192.36,-480.79,TeX Live pst-geo cities.data,1175
Vina Del Mar,Chile,-71.583333,-33.033333,1505.79,1625.46,1506,1625,-994.21,625.46,TeX Live pst-geo cities.data,1176
Vineland,"USA, NJ",-75.033333,39.483333,1457.87,618.29,1458,618,-1042.13,-381.71,TeX Live pst-geo cities.data,1177
Volos,Griechenland,22.95,39.366667,2818.75,619.91,2819,620,318.75,-380.09,TeX Live pst-geo cities.data,1178
Waco,"USA, TX",-97.133333,31.55,1150.93,728.47,1151,728,-1349.07,-271.53,TeX Live pst-geo cities.data,1179
Wadi Medani,Sudan,33.05,14.4,2959.03,966.67,2959,967,459.03,-33.33,TeX Live pst-geo cities.data,1180
Warschau,Polen,21.0,52.25,2791.67,440.97,2792,441,291.67,-559.03,TeX Live pst-geo cities.data,1181
Warwick,"USA, RI",-71.45,41.7,1507.64,587.5,1508,587,-992.36,-412.5,TeX Live pst-geo cities.data,1182
Washington,"USA, DC",-77.016667,38.9,1430.32,626.39,1430,626,-1069.68,-373.61,TeX Live pst-geo cities.data,1183
Waterbury,"USA, CT",-73.05,41.55,1485.42,589.58,1485,590,-1014.58,-410.42,TeX Live pst-geo cities.data,1184
Waterford,Irland,-7.1,52.25,2401.39,440.97,2401,441,-98.61,-559.03,TeX Live pst-geo cities.data,1185
Waterloo,"USA, IA",-92.333333,42.5,1217.59,576.39,1218,576,-1282.41,-423.61,TeX Live pst-geo cities.data,1186
Wellington,Neuseeland,174.85,-41.466667,4928.47,1742.59,4928,1743,2428.47,742.59,TeX Live pst-geo cities.data,1187
Wels,Österreich,14.033333,48.166667,2694.91,497.69,2695,498,194.91,-502.31,TeX Live pst-geo cities.data,1188
West Palm Beach,"USA, FL",-80.05,26.716667,1388.19,795.6,1388,796,-1111.81,-204.4,TeX Live pst-geo cities.data,1189
Wheeling,"USA, WV",-80.716667,40.066667,1378.94,610.19,1379,610,-1121.06,-389.81,TeX Live pst-geo cities.data,1190
Wichita,"USA, KS",-97.333333,37.683333,1148.15,643.29,1148,643,-1351.85,-356.71,TeX Live pst-geo cities.data,1191
Wichita Falls,"USA, TX",-98.483333,33.916667,1132.18,695.6,1132,696,-1367.82,-304.4,TeX Live pst-geo cities.data,1192
Wien,Österreich,16.366667,48.2,2727.31,497.22,2727,497,227.31,-502.78,TeX Live pst-geo cities.data,1193
Wiener Neustadt,Österreich,16.25,47.8,2725.69,502.78,2726,503,225.69,-497.22,TeX Live pst-geo cities.data,1194
Wiesbaden,Deutschland,8.25,50.083333,2614.58,471.06,2615,471,114.58,-528.94,TeX Live pst-geo cities.data,1195
Wilkes Barre,"USA, PA",-75.883333,41.25,1446.06,593.75,1446,594,-1053.94,-406.25,TeX Live pst-geo cities.data,1196
Willemstad,Niederlande,-68.95,12.1,1542.36,998.61,1542,999,-957.64,-1.39,TeX Live pst-geo cities.data,1197
Williamsburg,"USA, VA",-76.7,37.266667,1434.72,649.07,1435,649,-1065.28,-350.93,TeX Live pst-geo cities.data,1198
Williston,"USA, ND",-103.616667,48.183333,1060.88,497.45,1061,497,-1439.12,-502.55,TeX Live pst-geo cities.data,1199
Wilmington,"USA, DE",-75.55,39.75,1450.69,614.58,1451,615,-1049.31,-385.42,TeX Live pst-geo cities.data,1200
Wilmington,"USA, NC",-77.916667,34.233333,1417.82,691.2,1418,691,-1082.18,-308.8,TeX Live pst-geo cities.data,1201
Windhuk,Namibia,17.1,-22.566667,2737.5,1480.09,2738,1480,237.5,480.09,TeX Live pst-geo cities.data,1202
Windsor,Kanada,-83.016667,42.3,1346.99,579.17,1347,579,-1153.01,-420.83,TeX Live pst-geo cities.data,1203
Winnipeg,Kanada,-97.15,49.883333,1150.69,473.84,1151,474,-1349.31,-526.16,TeX Live pst-geo cities.data,1204
Winston Salem,"USA, NC",-80.25,36.1,1385.42,665.28,1385,665,-1114.58,-334.72,TeX Live pst-geo cities.data,1205
Winterthur,Schweiz,8.75,47.5,2621.53,506.94,2622,507,121.53,-493.06,TeX Live pst-geo cities.data,1206
Witten,Deutschland,7.333333,51.433333,2601.85,452.31,2602,452,101.85,-547.69,TeX Live pst-geo cities.data,1207
Wladiwostok,Sowjetunion,131.9,43.133333,4331.94,567.59,4332,568,1831.94,-432.41,TeX Live pst-geo cities.data,1208
Wolfsberg,Österreich,14.833333,46.833333,2706.02,516.2,2706,516,206.02,-483.8,TeX Live pst-geo cities.data,1209
Wolfsburg,Deutschland,10.8,52.433333,2650.0,438.43,2650,438,150.0,-561.57,TeX Live pst-geo cities.data,1210
Wolgograd,Sowjetunion,44.416667,48.75,3116.9,489.58,3117,490,616.9,-510.42,TeX Live pst-geo cities.data,1211
Wollongong,Australien,137.95,-17.216667,4415.97,1405.79,4416,1406,1915.97,405.79,TeX Live pst-geo cities.data,1212
Worcester,"USA, MA",-71.8,42.266667,1502.78,579.63,1503,580,-997.22,-420.37,TeX Live pst-geo cities.data,1213
Wuhan,China,114.25,36.75,4086.81,656.25,4087,656,1586.81,-343.75,TeX Live pst-geo cities.data,1214
Wuppertal,Deutschland,7.183333,51.266667,2599.77,454.63,2600,455,99.77,-545.37,TeX Live pst-geo cities.data,1215
Würzburg,Deutschland,9.933333,49.8,2637.96,475.0,2638,475,137.96,-525.0,TeX Live pst-geo cities.data,1216
Xian,China,108.9,34.266667,4012.5,690.74,4012,691,1512.5,-309.26,TeX Live pst-geo cities.data,1217
Yakima,"USA, WA",-120.516667,46.6,826.16,519.44,826,519,-1673.84,-480.56,TeX Live pst-geo cities.data,1218
Yaounde,Kamerun,11.516667,3.85,2659.95,1113.19,2660,1113,159.95,113.19,TeX Live pst-geo cities.data,1219
Yaren,Nauru,167.166667,-1.833333,4821.76,1192.13,4822,1192,2321.76,192.13,TeX Live pst-geo cities.data,1220
Yokohama,Japan,141.25,41.066667,4461.81,596.3,4462,596,1961.81,-403.7,TeX Live pst-geo cities.data,1221
York,Großbritannien,-1.083333,53.95,2484.95,417.36,2485,417,-15.05,-582.64,TeX Live pst-geo cities.data,1222
York,"USA, PA",-76.733333,39.966667,1434.26,611.57,1434,612,-1065.74,-388.43,TeX Live pst-geo cities.data,1223
Youngstown,"USA, PA",-80.65,41.1,1379.86,595.83,1380,596,-1120.14,-404.17,TeX Live pst-geo cities.data,1224
Yunghu,Taiwan,120.05,24.85,4167.36,821.53,4167,822,1667.36,-178.47,TeX Live pst-geo cities.data,1225
Zagazig,Ägypten,31.5,30.583333,2937.5,741.9,2938,742,437.5,-258.1,TeX Live pst-geo cities.data,1226
Zagreb,Koratien,16.0,45.8,2722.22,530.56,2722,531,222.22,-469.44,TeX Live pst-geo cities.data,1227
Zamboanga,Philippinen,122.083333,6.916667,4195.6,1070.6,4196,1071,1695.6,70.6,TeX Live pst-geo cities.data,1228
Zaragoza,Spanien,-0.9,41.65,2487.5,588.19,2488,588,-12.5,-411.81,TeX Live pst-geo cities.data,1229
Ziguinchor,Senegal,-16.333333,12.583333,2273.15,991.9,2273,992,-226.85,-8.1,TeX Live pst-geo cities.data,1230
Zinder,Niger,8.966667,13.766667,2624.54,975.46,2625,975,124.54,-24.54,TeX Live pst-geo cities.data,1231
Zomba,Malawi,35.366667,-15.366667,2991.2,1380.09,2991,1380,491.2,380.09,TeX Live pst-geo cities.data,1232
Zwickau,Deutschland,12.5,50.733333,2673.61,462.04,2674,462,173.61,-537.96,TeX Live pst-geo cities.data,1234
Zürich,Schweiz,8.516667,47.366667,2618.29,508.8,2618,509,118.29,-491.2,TeX Live pst-geo cities.data,1233
